race_id,election_id,office,state,seat_class,election_day,incumbent_party,is_open,prior_lean,region,not_up,held_by,fundraising_share,pres_approval,white_house_party,is_midterm
senate-2014-AL,senate-2014,US_SENATE,AL,II,2014-11-04,R,False,-26.51,South,False,R,0.107,-8.0,D,True
senate-2014-AK,senate-2014,US_SENATE,AK,II,2014-11-04,R,False,-14.65,West,False,R,0.248,-8.0,D,True
senate-2014-AR,senate-2014,US_SENATE,AR,II,2014-11-04,R,False,-28.14,South,False,R,0.164,-8.0,D,True
senate-2014-CO,senate-2014,US_SENATE,CO,II,2014-11-04,R,False,7.28,West,False,R,0.669,-8.0,D,True
senate-2014-DE,senate-2014,US_SENATE,DE,II,2014-11-04,,True,14.56,Northeast,False,D,0.76,-8.0,D,True
senate-2014-GA,senate-2014,US_SENATE,GA,II,2014-11-04,D,False,0.14,South,False,D,0.467,-8.0,D,True
senate-2014-ID,senate-2014,US_SENATE,ID,II,2014-11-04,,True,-31.2,West,False,R,0.05,-8.0,D,True
senate-2014-IL,senate-2014,US_SENATE,IL,II,2014-11-04,D,False,14.64,Midwest,False,D,0.95,-8.0,D,True
senate-2014-IA,senate-2014,US_SENATE,IA,II,2014-11-04,R,False,-2.83,Midwest,False,R,0.528,-8.0,D,True
senate-2014-KS,senate-2014,US_SENATE,KS,II,2014-11-04,R,False,-16.21,Midwest,False,R,0.279,-8.0,D,True
senate-2014-KY,senate-2014,US_SENATE,KY,II,2014-11-04,D,False,-21.49,South,False,D,0.108,-8.0,D,True
senate-2014-LA,senate-2014,US_SENATE,LA,II,2014-11-04,R,False,-14.29,South,False,R,0.208,-8.0,D,True
senate-2014-ME,senate-2014,US_SENATE,ME,II,2014-11-04,R,False,0.29,Northeast,False,R,0.44,-8.0,D,True
senate-2014-MA,senate-2014,US_SENATE,MA,II,2014-11-04,D,False,24.54,Northeast,False,D,0.95,-8.0,D,True
senate-2014-MI,senate-2014,US_SENATE,MI,II,2014-11-04,D,False,-0.79,Midwest,False,D,0.385,-8.0,D,True
senate-2014-MN,senate-2014,US_SENATE,MN,II,2014-11-04,D,False,8.98,Midwest,False,D,0.594,-8.0,D,True
senate-2014-MS,senate-2014,US_SENATE,MS,II,2014-11-04,D,False,-15.93,South,False,D,0.236,-8.0,D,True
senate-2014-MT,senate-2014,US_SENATE,MT,II,2014-11-04,D,False,-10.82,West,False,D,0.209,-8.0,D,True
senate-2014-NE,senate-2014,US_SENATE,NE,II,2014-11-04,R,False,-21.35,Midwest,False,R,0.145,-8.0,D,True
senate-2014-NH,senate-2014,US_SENATE,NH,II,2014-11-04,R,False,1.3,Northeast,False,R,0.505,-8.0,D,True
senate-2014-NJ,senate-2014,US_SENATE,NJ,II,2014-11-04,D,False,10.16,Northeast,False,D,0.643,-8.0,D,True
senate-2014-NM,senate-2014,US_SENATE,NM,II,2014-11-04,D,False,8.78,West,False,D,0.659,-8.0,D,True
senate-2014-NC,senate-2014,US_SENATE,NC,II,2014-11-04,R,False,-1.97,South,False,R,0.421,-8.0,D,True
senate-2014-OK,senate-2014,US_SENATE,OK,II,2014-11-04,R,False,-27.97,South,False,R,0.173,-8.0,D,True
senate-2014-OR,senate-2014,US_SENATE,OR,II,2014-11-04,D,False,10.06,West,False,D,0.689,-8.0,D,True
senate-2014-RI,senate-2014,US_SENATE,RI,II,2014-11-04,R,False,18.56,Northeast,False,R,0.924,-8.0,D,True
senate-2014-SC,senate-2014,US_SENATE,SC,II,2014-11-04,D,False,-12.98,South,False,D,0.38,-8.0,D,True
senate-2014-SD,senate-2014,US_SENATE,SD,II,2014-11-04,R,False,-28.63,Midwest,False,R,0.182,-8.0,D,True
senate-2014-TN,senate-2014,US_SENATE,TN,II,2014-11-04,R,False,-20.12,South,False,R,0.05,-8.0,D,True
senate-2014-TX,senate-2014,US_SENATE,TX,II,2014-11-04,R,False,-8.67,South,False,R,0.343,-8.0,D,True
senate-2014-VA,senate-2014,US_SENATE,VA,II,2014-11-04,R,False,7.19,South,False,R,0.615,-8.0,D,True
senate-2014-WV,senate-2014,US_SENATE,WV,II,2014-11-04,,True,-27.62,South,False,R,0.116,-8.0,D,True
senate-2014-WY,senate-2014,US_SENATE,WY,II,2014-11-04,R,False,-40.05,West,False,R,0.106,-8.0,D,True
senate-2014-AK-held2,senate-2014,US_SENATE,AK,held,2014-11-04,R,False,-15.0,West,True,R,0.324,-8.0,D,True
senate-2014-AL-held2,senate-2014,US_SENATE,AL,held,2014-11-04,R,False,-28.0,South,True,R,0.05,-8.0,D,True
senate-2014-AR-held2,senate-2014,US_SENATE,AR,held,2014-11-04,R,False,-27.0,South,True,R,0.092,-8.0,D,True
senate-2014-AZ-held1,senate-2014,US_SENATE,AZ,held,2014-11-04,R,False,-2.0,West,True,R,0.517,-8.0,D,True
senate-2014-AZ-held2,senate-2014,US_SENATE,AZ,held,2014-11-04,R,False,-2.0,West,True,R,0.474,-8.0,D,True
senate-2014-CA-held1,senate-2014,US_SENATE,CA,held,2014-11-04,D,False,22.0,West,True,D,0.847,-8.0,D,True
senate-2014-CA-held2,senate-2014,US_SENATE,CA,held,2014-11-04,D,False,22.0,West,True,D,0.891,-8.0,D,True
senate-2014-CO-held2,senate-2014,US_SENATE,CO,held,2014-11-04,R,False,6.0,West,True,R,0.568,-8.0,D,True
senate-2014-CT-held1,senate-2014,US_SENATE,CT,held,2014-11-04,D,False,14.0,Northeast,True,D,0.817,-8.0,D,True
senate-2014-CT-held2,senate-2014,US_SENATE,CT,held,2014-11-04,D,False,14.0,Northeast,True,D,0.771,-8.0,D,True
senate-2014-DE-held2,senate-2014,US_SENATE,DE,held,2014-11-04,D,False,12.0,Northeast,True,D,0.62,-8.0,D,True
senate-2014-FL-held1,senate-2014,US_SENATE,FL,held,2014-11-04,D,False,-4.0,South,True,D,0.338,-8.0,D,True
senate-2014-FL-held2,senate-2014,US_SENATE,FL,held,2014-11-04,R,False,-4.0,South,True,R,0.323,-8.0,D,True
senate-2014-GA-held2,senate-2014,US_SENATE,GA,held,2014-11-04,R,False,0.0,South,True,R,0.643,-8.0,D,True
senate-2014-HI-held1,senate-2014,US_SENATE,HI,held,2014-11-04,D,False,28.0,West,True,D,0.944,-8.0,D,True
senate-2014-HI-held2,senate-2014,US_SENATE,HI,held,2014-11-04,D,False,28.0,West,True,D,0.856,-8.0,D,True
senate-2014-IA-held2,senate-2014,US_SENATE,IA,held,2014-11-04,R,False,-6.0,Midwest,True,R,0.264,-8.0,D,True
senate-2014-ID-held2,senate-2014,US_SENATE,ID,held,2014-11-04,R,False,-32.0,West,True,R,0.05,-8.0,D,True
senate-2014-IL-held2,senate-2014,US_SENATE,IL,held,2014-11-04,D,False,14.0,Midwest,True,D,0.792,-8.0,D,True
senate-2014-IN-held1,senate-2014,US_SENATE,IN,held,2014-11-04,R,False,-16.0,Midwest,True,R,0.188,-8.0,D,True
senate-2014-IN-held2,senate-2014,US_SENATE,IN,held,2014-11-04,D,False,-16.0,Midwest,True,D,0.104,-8.0,D,True
senate-2014-KS-held2,senate-2014,US_SENATE,KS,held,2014-11-04,R,False,-14.0,Midwest,True,R,0.266,-8.0,D,True
senate-2014-KY-held2,senate-2014,US_SENATE,KY,held,2014-11-04,R,False,-24.0,South,True,R,0.084,-8.0,D,True
senate-2014-LA-held2,senate-2014,US_SENATE,LA,held,2014-11-04,R,False,-18.0,South,True,R,0.121,-8.0,D,True
senate-2014-MA-held2,senate-2014,US_SENATE,MA,held,2014-11-04,D,False,26.0,Northeast,True,D,0.93,-8.0,D,True
senate-2014-MD-held1,senate-2014,US_SENATE,MD,held,2014-11-04,D,False,22.0,Northeast,True,D,0.843,-8.0,D,True
senate-2014-MD-held2,senate-2014,US_SENATE,MD,held,2014-11-04,D,False,22.0,Northeast,True,D,0.877,-8.0,D,True
senate-2014-ME-held2,senate-2014,US_SENATE,ME,held,2014-11-04,D,False,4.0,Northeast,True,D,0.582,-8.0,D,True
senate-2014-MI-held2,senate-2014,US_SENATE,MI,held,2014-11-04,D,False,2.0,Midwest,True,D,0.592,-8.0,D,True
senate-2014-MN-held2,senate-2014,US_SENATE,MN,held,2014-11-04,R,False,4.0,Midwest,True,R,0.561,-8.0,D,True
senate-2014-MO-held1,senate-2014,US_SENATE,MO,held,2014-11-04,R,False,-14.0,Midwest,True,R,0.199,-8.0,D,True
senate-2014-MO-held2,senate-2014,US_SENATE,MO,held,2014-11-04,R,False,-14.0,Midwest,True,R,0.05,-8.0,D,True
senate-2014-MS-held2,senate-2014,US_SENATE,MS,held,2014-11-04,D,False,-18.0,South,True,D,0.271,-8.0,D,True
senate-2014-MT-held2,senate-2014,US_SENATE,MT,held,2014-11-04,D,False,-12.0,West,True,D,0.189,-8.0,D,True
senate-2014-NC-held2,senate-2014,US_SENATE,NC,held,2014-11-04,R,False,-2.0,South,True,R,0.482,-8.0,D,True
senate-2014-ND-held1,senate-2014,US_SENATE,ND,held,2014-11-04,R,False,-28.0,Midwest,True,R,0.05,-8.0,D,True
senate-2014-ND-held2,senate-2014,US_SENATE,ND,held,2014-11-04,R,False,-28.0,Midwest,True,R,0.074,-8.0,D,True
senate-2014-NE-held2,senate-2014,US_SENATE,NE,held,2014-11-04,R,False,-20.0,Midwest,True,R,0.224,-8.0,D,True
senate-2014-NH-held2,senate-2014,US_SENATE,NH,held,2014-11-04,D,False,2.0,Northeast,True,D,0.574,-8.0,D,True
senate-2014-NJ-held2,senate-2014,US_SENATE,NJ,held,2014-11-04,R,False,10.0,Northeast,True,R,0.601,-8.0,D,True
senate-2014-NM-held2,senate-2014,US_SENATE,NM,held,2014-11-04,R,False,8.0,West,True,R,0.511,-8.0,D,True
senate-2014-NV-held1,senate-2014,US_SENATE,NV,held,2014-11-04,D,False,0.0,West,True,D,0.62,-8.0,D,True
senate-2014-NV-held2,senate-2014,US_SENATE,NV,held,2014-11-04,R,False,0.0,West,True,R,0.583,-8.0,D,True
senate-2014-NY-held1,senate-2014,US_SENATE,NY,held,2014-11-04,D,False,18.0,Northeast,True,D,0.95,-8.0,D,True
senate-2014-NY-held2,senate-2014,US_SENATE,NY,held,2014-11-04,D,False,18.0,Northeast,True,D,0.815,-8.0,D,True
senate-2014-OH-held1,senate-2014,US_SENATE,OH,held,2014-11-04,R,False,-6.0,Midwest,True,R,0.453,-8.0,D,True
senate-2014-OH-held2,senate-2014,US_SENATE,OH,held,2014-11-04,R,False,-6.0,Midwest,True,R,0.425,-8.0,D,True
senate-2014-OK-held2,senate-2014,US_SENATE,OK,held,2014-11-04,R,False,-30.0,South,True,R,0.05,-8.0,D,True
senate-2014-OR-held2,senate-2014,US_SENATE,OR,held,2014-11-04,D,False,10.0,West,True,D,0.749,-8.0,D,True
senate-2014-PA-held1,senate-2014,US_SENATE,PA,held,2014-11-04,R,False,1.0,Northeast,True,R,0.711,-8.0,D,True
senate-2014-PA-held2,senate-2014,US_SENATE,PA,held,2014-11-04,D,False,1.0,Northeast,True,D,0.588,-8.0,D,True
senate-2014-RI-held2,senate-2014,US_SENATE,RI,held,2014-11-04,D,False,18.0,Northeast,True,D,0.811,-8.0,D,True
senate-2014-SC-held2,senate-2014,US_SENATE,SC,held,2014-11-04,R,False,-14.0,South,True,R,0.305,-8.0,D,True
senate-2014-SD-held2,senate-2014,US_SENATE,SD,held,2014-11-04,R,False,-26.0,Midwest,True,R,0.195,-8.0,D,True
senate-2014-TN-held2,senate-2014,US_SENATE,TN,held,2014-11-04,R,False,-22.0,South,True,R,0.25,-8.0,D,True
senate-2014-TX-held2,senate-2014,US_SENATE,TX,held,2014-11-04,D,False,-8.0,South,True,D,0.273,-8.0,D,True
senate-2014-UT-held1,senate-2014,US_SENATE,UT,held,2014-11-04,R,False,-24.0,West,True,R,0.09,-8.0,D,True
senate-2014-UT-held2,senate-2014,US_SENATE,UT,held,2014-11-04,R,False,-24.0,West,True,R,0.05,-8.0,D,True
senate-2014-VA-held2,senate-2014,US_SENATE,VA,held,2014-11-04,R,False,6.0,South,True,R,0.72,-8.0,D,True
senate-2014-VT-held1,senate-2014,US_SENATE,VT,held,2014-11-04,D,False,30.0,Northeast,True,D,0.912,-8.0,D,True
senate-2014-VT-held2,senate-2014,US_SENATE,VT,held,2014-11-04,D,False,30.0,Northeast,True,D,0.932,-8.0,D,True
senate-2014-WA-held1,senate-2014,US_SENATE,WA,held,2014-11-04,D,False,12.0,West,True,D,0.755,-8.0,D,True
senate-2014-WA-held2,senate-2014,US_SENATE,WA,held,2014-11-04,D,False,12.0,West,True,D,0.697,-8.0,D,True
senate-2014-WI-held1,senate-2014,US_SENATE,WI,held,2014-11-04,D,False,1.0,Midwest,True,D,0.575,-8.0,D,True
senate-2014-WI-held2,senate-2014,US_SENATE,WI,held,2014-11-04,D,False,1.0,Midwest,True,D,0.593,-8.0,D,True
senate-2014-WV-held2,senate-2014,US_SENATE,WV,held,2014-11-04,R,False,-30.0,South,True,R,0.125,-8.0,D,True
senate-2014-WY-held2,senate-2014,US_SENATE,WY,held,2014-11-04,R,False,-40.0,West,True,R,0.05,-8.0,D,True
senate-2016-AZ,senate-2016,US_SENATE,AZ,I/III,2016-11-08,,True,-3.33,West,False,R,0.524,4.0,D,False
senate-2016-CA,senate-2016,US_SENATE,CA,I/III,2016-11-08,D,False,21.35,West,False,D,0.838,4.0,D,False
senate-2016-CT,senate-2016,US_SENATE,CT,I/III,2016-11-08,,True,13.59,Northeast,False,D,0.709,4.0,D,False
senate-2016-FL,senate-2016,US_SENATE,FL,I/III,2016-11-08,D,False,-6.33,South,False,D,0.331,4.0,D,False
senate-2016-HI,senate-2016,US_SENATE,HI,I/III,2016-11-08,,True,27.26,West,False,D,0.95,4.0,D,False
senate-2016-ID,senate-2016,US_SENATE,ID,I/III,2016-11-08,R,False,-28.06,West,False,R,0.112,4.0,D,False
senate-2016-IN,senate-2016,US_SENATE,IN,I/III,2016-11-08,,True,-14.55,Midwest,False,D,0.365,4.0,D,False
senate-2016-KY,senate-2016,US_SENATE,KY,I/III,2016-11-08,R,False,-22.31,South,False,R,0.12,4.0,D,False
senate-2016-MD,senate-2016,US_SENATE,MD,I/III,2016-11-08,D,False,19.52,Northeast,False,D,0.798,4.0,D,False
senate-2016-MO,senate-2016,US_SENATE,MO,I/III,2016-11-08,R,False,-15.37,Midwest,False,R,0.154,4.0,D,False
senate-2016-ND,senate-2016,US_SENATE,ND,I/III,2016-11-08,R,False,-28.67,Midwest,False,R,0.068,4.0,D,False
senate-2016-NJ,senate-2016,US_SENATE,NJ,I/III,2016-11-08,,True,10.76,Northeast,False,D,0.678,4.0,D,False
senate-2016-NV,senate-2016,US_SENATE,NV,I/III,2016-11-08,R,False,2.25,West,False,R,0.601,4.0,D,False
senate-2016-NY,senate-2016,US_SENATE,NY,I/III,2016-11-08,D,False,16.7,Northeast,False,D,0.82,4.0,D,False
senate-2016-OH,senate-2016,US_SENATE,OH,I/III,2016-11-08,,True,-7.25,Midwest,False,D,0.433,4.0,D,False
senate-2016-PA,senate-2016,US_SENATE,PA,I/III,2016-11-08,D,False,2.07,Northeast,False,D,0.629,4.0,D,False
senate-2016-TX,senate-2016,US_SENATE,TX,I/III,2016-11-08,,True,-6.75,South,False,R,0.263,4.0,D,False
senate-2016-UT,senate-2016,US_SENATE,UT,I/III,2016-11-08,R,False,-25.2,West,False,R,0.221,4.0,D,False
senate-2016-VT,senate-2016,US_SENATE,VT,I/III,2016-11-08,D,False,30.62,Northeast,False,D,0.902,4.0,D,False
senate-2016-WA,senate-2016,US_SENATE,WA,I/III,2016-11-08,D,False,10.83,West,False,D,0.74,4.0,D,False
senate-2016-WI,senate-2016,US_SENATE,WI,I/III,2016-11-08,D,False,-0.08,Midwest,False,D,0.487,4.0,D,False
senate-2016-WY,senate-2016,US_SENATE,WY,I/III,2016-11-08,R,False,-38.98,West,False,R,0.05,4.0,D,False
senate-2016-AK-held1,senate-2016,US_SENATE,AK,held,2016-11-08,D,False,-15.0,West,True,D,0.23,4.0,D,False
senate-2016-AK-held2,senate-2016,US_SENATE,AK,held,2016-11-08,R,False,-15.0,West,True,R,0.285,4.0,D,False
senate-2016-AL-held1,senate-2016,US_SENATE,AL,held,2016-11-08,R,False,-28.0,South,True,R,0.261,4.0,D,False
senate-2016-AL-held2,senate-2016,US_SENATE,AL,held,2016-11-08,D,False,-28.0,South,True,D,0.122,4.0,D,False
senate-2016-AR-held1,senate-2016,US_SENATE,AR,held,2016-11-08,R,False,-27.0,South,True,R,0.05,4.0,D,False
senate-2016-AR-held2,senate-2016,US_SENATE,AR,held,2016-11-08,R,False,-27.0,South,True,R,0.076,4.0,D,False
senate-2016-AZ-held2,senate-2016,US_SENATE,AZ,held,2016-11-08,D,False,-2.0,West,True,D,0.389,4.0,D,False
senate-2016-CA-held2,senate-2016,US_SENATE,CA,held,2016-11-08,D,False,22.0,West,True,D,0.76,4.0,D,False
senate-2016-CO-held1,senate-2016,US_SENATE,CO,held,2016-11-08,R,False,6.0,West,True,R,0.546,4.0,D,False
senate-2016-CO-held2,senate-2016,US_SENATE,CO,held,2016-11-08,D,False,6.0,West,True,D,0.611,4.0,D,False
senate-2016-CT-held2,senate-2016,US_SENATE,CT,held,2016-11-08,R,False,14.0,Northeast,True,R,0.778,4.0,D,False
senate-2016-DE-held1,senate-2016,US_SENATE,DE,held,2016-11-08,D,False,12.0,Northeast,True,D,0.757,4.0,D,False
senate-2016-DE-held2,senate-2016,US_SENATE,DE,held,2016-11-08,D,False,12.0,Northeast,True,D,0.749,4.0,D,False
senate-2016-FL-held2,senate-2016,US_SENATE,FL,held,2016-11-08,R,False,-4.0,South,True,R,0.449,4.0,D,False
senate-2016-GA-held1,senate-2016,US_SENATE,GA,held,2016-11-08,R,False,0.0,South,True,R,0.466,4.0,D,False
senate-2016-GA-held2,senate-2016,US_SENATE,GA,held,2016-11-08,R,False,0.0,South,True,R,0.525,4.0,D,False
senate-2016-HI-held2,senate-2016,US_SENATE,HI,held,2016-11-08,D,False,28.0,West,True,D,0.908,4.0,D,False
senate-2016-IA-held1,senate-2016,US_SENATE,IA,held,2016-11-08,R,False,-6.0,Midwest,True,R,0.465,4.0,D,False
senate-2016-IA-held2,senate-2016,US_SENATE,IA,held,2016-11-08,R,False,-6.0,Midwest,True,R,0.465,4.0,D,False
senate-2016-ID-held2,senate-2016,US_SENATE,ID,held,2016-11-08,R,False,-32.0,West,True,R,0.059,4.0,D,False
senate-2016-IL-held1,senate-2016,US_SENATE,IL,held,2016-11-08,D,False,14.0,Midwest,True,D,0.803,4.0,D,False
senate-2016-IL-held2,senate-2016,US_SENATE,IL,held,2016-11-08,D,False,14.0,Midwest,True,D,0.631,4.0,D,False
senate-2016-IN-held2,senate-2016,US_SENATE,IN,held,2016-11-08,R,False,-16.0,Midwest,True,R,0.242,4.0,D,False
senate-2016-KS-held1,senate-2016,US_SENATE,KS,held,2016-11-08,R,False,-14.0,Midwest,True,R,0.457,4.0,D,False
senate-2016-KS-held2,senate-2016,US_SENATE,KS,held,2016-11-08,R,False,-14.0,Midwest,True,R,0.285,4.0,D,False
senate-2016-KY-held2,senate-2016,US_SENATE,KY,held,2016-11-08,R,False,-24.0,South,True,R,0.05,4.0,D,False
senate-2016-LA-held1,senate-2016,US_SENATE,LA,held,2016-11-08,R,False,-18.0,South,True,R,0.203,4.0,D,False
senate-2016-LA-held2,senate-2016,US_SENATE,LA,held,2016-11-08,D,False,-18.0,South,True,D,0.222,4.0,D,False
senate-2016-MA-held1,senate-2016,US_SENATE,MA,held,2016-11-08,D,False,26.0,Northeast,True,D,0.95,4.0,D,False
senate-2016-MA-held2,senate-2016,US_SENATE,MA,held,2016-11-08,D,False,26.0,Northeast,True,D,0.8,4.0,D,False
senate-2016-MD-held2,senate-2016,US_SENATE,MD,held,2016-11-08,D,False,22.0,Northeast,True,D,0.789,4.0,D,False
senate-2016-ME-held1,senate-2016,US_SENATE,ME,held,2016-11-08,D,False,4.0,Northeast,True,D,0.767,4.0,D,False
senate-2016-ME-held2,senate-2016,US_SENATE,ME,held,2016-11-08,D,False,4.0,Northeast,True,D,0.603,4.0,D,False
senate-2016-MI-held1,senate-2016,US_SENATE,MI,held,2016-11-08,D,False,2.0,Midwest,True,D,0.496,4.0,D,False
senate-2016-MI-held2,senate-2016,US_SENATE,MI,held,2016-11-08,D,False,2.0,Midwest,True,D,0.509,4.0,D,False
senate-2016-MN-held1,senate-2016,US_SENATE,MN,held,2016-11-08,R,False,4.0,Midwest,True,R,0.464,4.0,D,False
senate-2016-MN-held2,senate-2016,US_SENATE,MN,held,2016-11-08,D,False,4.0,Midwest,True,D,0.459,4.0,D,False
senate-2016-MO-held2,senate-2016,US_SENATE,MO,held,2016-11-08,R,False,-14.0,Midwest,True,R,0.293,4.0,D,False
senate-2016-MS-held1,senate-2016,US_SENATE,MS,held,2016-11-08,R,False,-18.0,South,True,R,0.182,4.0,D,False
senate-2016-MS-held2,senate-2016,US_SENATE,MS,held,2016-11-08,R,False,-18.0,South,True,R,0.064,4.0,D,False
senate-2016-MT-held1,senate-2016,US_SENATE,MT,held,2016-11-08,D,False,-12.0,West,True,D,0.259,4.0,D,False
senate-2016-MT-held2,senate-2016,US_SENATE,MT,held,2016-11-08,R,False,-12.0,West,True,R,0.156,4.0,D,False
senate-2016-NC-held1,senate-2016,US_SENATE,NC,held,2016-11-08,R,False,-2.0,South,True,R,0.487,4.0,D,False
senate-2016-NC-held2,senate-2016,US_SENATE,NC,held,2016-11-08,R,False,-2.0,South,True,R,0.543,4.0,D,False
senate-2016-ND-held2,senate-2016,US_SENATE,ND,held,2016-11-08,R,False,-28.0,Midwest,True,R,0.143,4.0,D,False
senate-2016-NE-held1,senate-2016,US_SENATE,NE,held,2016-11-08,R,False,-20.0,Midwest,True,R,0.118,4.0,D,False
senate-2016-NE-held2,senate-2016,US_SENATE,NE,held,2016-11-08,R,False,-20.0,Midwest,True,R,0.421,4.0,D,False
senate-2016-NH-held1,senate-2016,US_SENATE,NH,held,2016-11-08,D,False,2.0,Northeast,True,D,0.536,4.0,D,False
senate-2016-NH-held2,senate-2016,US_SENATE,NH,held,2016-11-08,R,False,2.0,Northeast,True,R,0.561,4.0,D,False
senate-2016-NJ-held2,senate-2016,US_SENATE,NJ,held,2016-11-08,R,False,10.0,Northeast,True,R,0.687,4.0,D,False
senate-2016-NM-held1,senate-2016,US_SENATE,NM,held,2016-11-08,D,False,8.0,West,True,D,0.716,4.0,D,False
senate-2016-NM-held2,senate-2016,US_SENATE,NM,held,2016-11-08,D,False,8.0,West,True,D,0.581,4.0,D,False
senate-2016-NV-held2,senate-2016,US_SENATE,NV,held,2016-11-08,D,False,0.0,West,True,D,0.381,4.0,D,False
senate-2016-NY-held2,senate-2016,US_SENATE,NY,held,2016-11-08,D,False,18.0,Northeast,True,D,0.773,4.0,D,False
senate-2016-OH-held2,senate-2016,US_SENATE,OH,held,2016-11-08,R,False,-6.0,Midwest,True,R,0.36,4.0,D,False
senate-2016-OK-held1,senate-2016,US_SENATE,OK,held,2016-11-08,R,False,-30.0,South,True,R,0.05,4.0,D,False
senate-2016-OK-held2,senate-2016,US_SENATE,OK,held,2016-11-08,R,False,-30.0,South,True,R,0.085,4.0,D,False
senate-2016-OR-held1,senate-2016,US_SENATE,OR,held,2016-11-08,D,False,10.0,West,True,D,0.714,4.0,D,False
senate-2016-OR-held2,senate-2016,US_SENATE,OR,held,2016-11-08,R,False,10.0,West,True,R,0.742,4.0,D,False
senate-2016-PA-held2,senate-2016,US_SENATE,PA,held,2016-11-08,R,False,1.0,Northeast,True,R,0.465,4.0,D,False
senate-2016-RI-held1,senate-2016,US_SENATE,RI,held,2016-11-08,D,False,18.0,Northeast,True,D,0.641,4.0,D,False
senate-2016-RI-held2,senate-2016,US_SENATE,RI,held,2016-11-08,D,False,18.0,Northeast,True,D,0.79,4.0,D,False
senate-2016-SC-held1,senate-2016,US_SENATE,SC,held,2016-11-08,R,False,-14.0,South,True,R,0.243,4.0,D,False
senate-2016-SC-held2,senate-2016,US_SENATE,SC,held,2016-11-08,R,False,-14.0,South,True,R,0.291,4.0,D,False
senate-2016-SD-held1,senate-2016,US_SENATE,SD,held,2016-11-08,R,False,-26.0,Midwest,True,R,0.117,4.0,D,False
senate-2016-SD-held2,senate-2016,US_SENATE,SD,held,2016-11-08,R,False,-26.0,Midwest,True,R,0.075,4.0,D,False
senate-2016-TN-held1,senate-2016,US_SENATE,TN,held,2016-11-08,R,False,-22.0,South,True,R,0.229,4.0,D,False
senate-2016-TN-held2,senate-2016,US_SENATE,TN,held,2016-11-08,R,False,-22.0,South,True,R,0.096,4.0,D,False
senate-2016-TX-held2,senate-2016,US_SENATE,TX,held,2016-11-08,R,False,-8.0,South,True,R,0.428,4.0,D,False
senate-2016-UT-held2,senate-2016,US_SENATE,UT,held,2016-11-08,R,False,-24.0,West,True,R,0.092,4.0,D,False
senate-2016-VA-held1,senate-2016,US_SENATE,VA,held,2016-11-08,R,False,6.0,South,True,R,0.571,4.0,D,False
senate-2016-VA-held2,senate-2016,US_SENATE,VA,held,2016-11-08,D,False,6.0,South,True,D,0.646,4.0,D,False
senate-2016-VT-held2,senate-2016,US_SENATE,VT,held,2016-11-08,D,False,30.0,Northeast,True,D,0.783,4.0,D,False
senate-2016-WA-held2,senate-2016,US_SENATE,WA,held,2016-11-08,D,False,12.0,West,True,D,0.711,4.0,D,False
senate-2016-WI-held2,senate-2016,US_SENATE,WI,held,2016-11-08,D,False,1.0,Midwest,True,D,0.444,4.0,D,False
senate-2016-WV-held1,senate-2016,US_SENATE,WV,held,2016-11-08,R,False,-30.0,South,True,R,0.164,4.0,D,False
senate-2016-WV-held2,senate-2016,US_SENATE,WV,held,2016-11-08,R,False,-30.0,South,True,R,0.056,4.0,D,False
senate-2016-WY-held2,senate-2016,US_SENATE,WY,held,2016-11-08,R,False,-40.0,West,True,R,0.185,4.0,D,False
senate-2018-AL,senate-2018,US_SENATE,AL,II,2018-11-06,R,False,-30.56,South,False,R,0.214,-6.0,R,True
senate-2018-AK,senate-2018,US_SENATE,AK,II,2018-11-06,R,False,-14.08,West,False,R,0.294,-6.0,R,True
senate-2018-AR,senate-2018,US_SENATE,AR,II,2018-11-06,R,False,-25.75,South,False,R,0.138,-6.0,R,True
senate-2018-CO,senate-2018,US_SENATE,CO,II,2018-11-06,,True,7.16,West,False,D,0.681,-6.0,R,True
senate-2018-DE,senate-2018,US_SENATE,DE,II,2018-11-06,D,False,11.47,Northeast,False,D,0.796,-6.0,R,True
senate-2018-GA,senate-2018,US_SENATE,GA,II,2018-11-06,D,False,0.95,South,False,D,0.411,-6.0,R,True
senate-2018-ID,senate-2018,US_SENATE,ID,II,2018-11-06,R,False,-33.38,West,False,R,0.076,-6.0,R,True
senate-2018-IL,senate-2018,US_SENATE,IL,II,2018-11-06,D,False,17.53,Midwest,False,D,0.764,-6.0,R,True
senate-2018-IA,senate-2018,US_SENATE,IA,II,2018-11-06,R,False,-4.82,Midwest,False,R,0.315,-6.0,R,True
senate-2018-KS,senate-2018,US_SENATE,KS,II,2018-11-06,,True,-11.58,Midwest,False,R,0.214,-6.0,R,True
senate-2018-KY,senate-2018,US_SENATE,KY,II,2018-11-06,R,False,-17.42,South,False,R,0.224,-6.0,R,True
senate-2018-LA,senate-2018,US_SENATE,LA,II,2018-11-06,R,False,-19.51,South,False,R,0.088,-6.0,R,True
senate-2018-ME,senate-2018,US_SENATE,ME,II,2018-11-06,,True,3.73,Northeast,False,D,0.477,-6.0,R,True
senate-2018-MA,senate-2018,US_SENATE,MA,II,2018-11-06,,True,26.46,Northeast,False,D,0.8,-6.0,R,True
senate-2018-MI,senate-2018,US_SENATE,MI,II,2018-11-06,D,False,2.84,Midwest,False,D,0.448,-6.0,R,True
senate-2018-MN,senate-2018,US_SENATE,MN,II,2018-11-06,D,False,4.38,Midwest,False,D,0.661,-6.0,R,True
senate-2018-MS,senate-2018,US_SENATE,MS,II,2018-11-06,R,False,-17.51,South,False,R,0.254,-6.0,R,True
senate-2018-MT,senate-2018,US_SENATE,MT,II,2018-11-06,R,False,-10.06,West,False,R,0.219,-6.0,R,True
senate-2018-NE,senate-2018,US_SENATE,NE,II,2018-11-06,R,False,-20.5,Midwest,False,R,0.156,-6.0,R,True
senate-2018-NH,senate-2018,US_SENATE,NH,II,2018-11-06,D,False,-2.57,Northeast,False,D,0.526,-6.0,R,True
senate-2018-NJ,senate-2018,US_SENATE,NJ,II,2018-11-06,D,False,12.24,Northeast,False,D,0.592,-6.0,R,True
senate-2018-NM,senate-2018,US_SENATE,NM,II,2018-11-06,D,False,10.4,West,False,D,0.866,-6.0,R,True
senate-2018-NC,senate-2018,US_SENATE,NC,II,2018-11-06,D,False,-0.92,South,False,D,0.495,-6.0,R,True
senate-2018-OK,senate-2018,US_SENATE,OK,II,2018-11-06,R,False,-25.12,South,False,R,0.191,-6.0,R,True
senate-2018-OR,senate-2018,US_SENATE,OR,II,2018-11-06,D,False,13.66,West,False,D,0.71,-6.0,R,True
senate-2018-RI,senate-2018,US_SENATE,RI,II,2018-11-06,D,False,15.98,Northeast,False,D,0.822,-6.0,R,True
senate-2018-SC,senate-2018,US_SENATE,SC,II,2018-11-06,R,False,-19.06,South,False,R,0.215,-6.0,R,True
senate-2018-SD,senate-2018,US_SENATE,SD,II,2018-11-06,D,False,-25.53,Midwest,False,D,0.198,-6.0,R,True
senate-2018-TN,senate-2018,US_SENATE,TN,II,2018-11-06,R,False,-24.31,South,False,R,0.228,-6.0,R,True
senate-2018-TX,senate-2018,US_SENATE,TX,II,2018-11-06,,True,-11.99,South,False,R,0.19,-6.0,R,True
senate-2018-VA,senate-2018,US_SENATE,VA,II,2018-11-06,D,False,8.2,South,False,D,0.595,-6.0,R,True
senate-2018-WV,senate-2018,US_SENATE,WV,II,2018-11-06,R,False,-26.14,South,False,R,0.071,-6.0,R,True
senate-2018-WY,senate-2018,US_SENATE,WY,II,2018-11-06,R,False,-42.51,West,False,R,0.074,-6.0,R,True
senate-2018-AK-held2,senate-2018,US_SENATE,AK,held,2018-11-06,R,False,-15.0,West,True,R,0.086,-6.0,R,True
senate-2018-AL-held2,senate-2018,US_SENATE,AL,held,2018-11-06,R,False,-28.0,South,True,R,0.089,-6.0,R,True
senate-2018-AR-held2,senate-2018,US_SENATE,AR,held,2018-11-06,R,False,-27.0,South,True,R,0.16,-6.0,R,True
senate-2018-AZ-held1,senate-2018,US_SENATE,AZ,held,2018-11-06,R,False,-2.0,West,True,R,0.406,-6.0,R,True
senate-2018-AZ-held2,senate-2018,US_SENATE,AZ,held,2018-11-06,D,False,-2.0,West,True,D,0.388,-6.0,R,True
senate-2018-CA-held1,senate-2018,US_SENATE,CA,held,2018-11-06,D,False,22.0,West,True,D,0.824,-6.0,R,True
senate-2018-CA-held2,senate-2018,US_SENATE,CA,held,2018-11-06,D,False,22.0,West,True,D,0.772,-6.0,R,True
senate-2018-CO-held2,senate-2018,US_SENATE,CO,held,2018-11-06,D,False,6.0,West,True,D,0.695,-6.0,R,True
senate-2018-CT-held1,senate-2018,US_SENATE,CT,held,2018-11-06,D,False,14.0,Northeast,True,D,0.734,-6.0,R,True
senate-2018-CT-held2,senate-2018,US_SENATE,CT,held,2018-11-06,D,False,14.0,Northeast,True,D,0.762,-6.0,R,True
senate-2018-DE-held2,senate-2018,US_SENATE,DE,held,2018-11-06,D,False,12.0,Northeast,True,D,0.839,-6.0,R,True
senate-2018-FL-held1,senate-2018,US_SENATE,FL,held,2018-11-06,D,False,-4.0,South,True,D,0.367,-6.0,R,True
senate-2018-FL-held2,senate-2018,US_SENATE,FL,held,2018-11-06,D,False,-4.0,South,True,D,0.32,-6.0,R,True
senate-2018-GA-held2,senate-2018,US_SENATE,GA,held,2018-11-06,R,False,0.0,South,True,R,0.503,-6.0,R,True
senate-2018-HI-held1,senate-2018,US_SENATE,HI,held,2018-11-06,R,False,28.0,West,True,R,0.929,-6.0,R,True
senate-2018-HI-held2,senate-2018,US_SENATE,HI,held,2018-11-06,D,False,28.0,West,True,D,0.945,-6.0,R,True
senate-2018-IA-held2,senate-2018,US_SENATE,IA,held,2018-11-06,R,False,-6.0,Midwest,True,R,0.414,-6.0,R,True
senate-2018-ID-held2,senate-2018,US_SENATE,ID,held,2018-11-06,R,False,-32.0,West,True,R,0.11,-6.0,R,True
senate-2018-IL-held2,senate-2018,US_SENATE,IL,held,2018-11-06,D,False,14.0,Midwest,True,D,0.784,-6.0,R,True
senate-2018-IN-held1,senate-2018,US_SENATE,IN,held,2018-11-06,R,False,-16.0,Midwest,True,R,0.383,-6.0,R,True
senate-2018-IN-held2,senate-2018,US_SENATE,IN,held,2018-11-06,R,False,-16.0,Midwest,True,R,0.18,-6.0,R,True
senate-2018-KS-held2,senate-2018,US_SENATE,KS,held,2018-11-06,R,False,-14.0,Midwest,True,R,0.159,-6.0,R,True
senate-2018-KY-held2,senate-2018,US_SENATE,KY,held,2018-11-06,R,False,-24.0,South,True,R,0.149,-6.0,R,True
senate-2018-LA-held2,senate-2018,US_SENATE,LA,held,2018-11-06,R,False,-18.0,South,True,R,0.05,-6.0,R,True
senate-2018-MA-held2,senate-2018,US_SENATE,MA,held,2018-11-06,D,False,26.0,Northeast,True,D,0.95,-6.0,R,True
senate-2018-MD-held1,senate-2018,US_SENATE,MD,held,2018-11-06,D,False,22.0,Northeast,True,D,0.881,-6.0,R,True
senate-2018-MD-held2,senate-2018,US_SENATE,MD,held,2018-11-06,R,False,22.0,Northeast,True,R,0.916,-6.0,R,True
senate-2018-ME-held2,senate-2018,US_SENATE,ME,held,2018-11-06,D,False,4.0,Northeast,True,D,0.588,-6.0,R,True
senate-2018-MI-held2,senate-2018,US_SENATE,MI,held,2018-11-06,D,False,2.0,Midwest,True,D,0.481,-6.0,R,True
senate-2018-MN-held2,senate-2018,US_SENATE,MN,held,2018-11-06,R,False,4.0,Midwest,True,R,0.697,-6.0,R,True
senate-2018-MO-held1,senate-2018,US_SENATE,MO,held,2018-11-06,D,False,-14.0,Midwest,True,D,0.148,-6.0,R,True
senate-2018-MO-held2,senate-2018,US_SENATE,MO,held,2018-11-06,R,False,-14.0,Midwest,True,R,0.126,-6.0,R,True
senate-2018-MS-held2,senate-2018,US_SENATE,MS,held,2018-11-06,R,False,-18.0,South,True,R,0.099,-6.0,R,True
senate-2018-MT-held2,senate-2018,US_SENATE,MT,held,2018-11-06,R,False,-12.0,West,True,R,0.238,-6.0,R,True
senate-2018-NC-held2,senate-2018,US_SENATE,NC,held,2018-11-06,R,False,-2.0,South,True,R,0.475,-6.0,R,True
senate-2018-ND-held1,senate-2018,US_SENATE,ND,held,2018-11-06,R,False,-28.0,Midwest,True,R,0.152,-6.0,R,True
senate-2018-ND-held2,senate-2018,US_SENATE,ND,held,2018-11-06,R,False,-28.0,Midwest,True,R,0.05,-6.0,R,True
senate-2018-NE-held2,senate-2018,US_SENATE,NE,held,2018-11-06,R,False,-20.0,Midwest,True,R,0.073,-6.0,R,True
senate-2018-NH-held2,senate-2018,US_SENATE,NH,held,2018-11-06,R,False,2.0,Northeast,True,R,0.544,-6.0,R,True
senate-2018-NJ-held2,senate-2018,US_SENATE,NJ,held,2018-11-06,D,False,10.0,Northeast,True,D,0.789,-6.0,R,True
senate-2018-NM-held2,senate-2018,US_SENATE,NM,held,2018-11-06,R,False,8.0,West,True,R,0.607,-6.0,R,True
senate-2018-NV-held1,senate-2018,US_SENATE,NV,held,2018-11-06,R,False,0.0,West,True,R,0.652,-6.0,R,True
senate-2018-NV-held2,senate-2018,US_SENATE,NV,held,2018-11-06,D,False,0.0,West,True,D,0.459,-6.0,R,True
senate-2018-NY-held1,senate-2018,US_SENATE,NY,held,2018-11-06,D,False,18.0,Northeast,True,D,0.83,-6.0,R,True
senate-2018-NY-held2,senate-2018,US_SENATE,NY,held,2018-11-06,D,False,18.0,Northeast,True,D,0.748,-6.0,R,True
senate-2018-OH-held1,senate-2018,US_SENATE,OH,held,2018-11-06,D,False,-6.0,Midwest,True,D,0.311,-6.0,R,True
senate-2018-OH-held2,senate-2018,US_SENATE,OH,held,2018-11-06,R,False,-6.0,Midwest,True,R,0.34,-6.0,R,True
senate-2018-OK-held2,senate-2018,US_SENATE,OK,held,2018-11-06,R,False,-30.0,South,True,R,0.05,-6.0,R,True
senate-2018-OR-held2,senate-2018,US_SENATE,OR,held,2018-11-06,D,False,10.0,West,True,D,0.786,-6.0,R,True
senate-2018-PA-held1,senate-2018,US_SENATE,PA,held,2018-11-06,D,False,1.0,Northeast,True,D,0.596,-6.0,R,True
senate-2018-PA-held2,senate-2018,US_SENATE,PA,held,2018-11-06,D,False,1.0,Northeast,True,D,0.529,-6.0,R,True
senate-2018-RI-held2,senate-2018,US_SENATE,RI,held,2018-11-06,D,False,18.0,Northeast,True,D,0.905,-6.0,R,True
senate-2018-SC-held2,senate-2018,US_SENATE,SC,held,2018-11-06,R,False,-14.0,South,True,R,0.265,-6.0,R,True
senate-2018-SD-held2,senate-2018,US_SENATE,SD,held,2018-11-06,R,False,-26.0,Midwest,True,R,0.085,-6.0,R,True
senate-2018-TN-held2,senate-2018,US_SENATE,TN,held,2018-11-06,R,False,-22.0,South,True,R,0.076,-6.0,R,True
senate-2018-TX-held2,senate-2018,US_SENATE,TX,held,2018-11-06,D,False,-8.0,South,True,D,0.28,-6.0,R,True
senate-2018-UT-held1,senate-2018,US_SENATE,UT,held,2018-11-06,R,False,-24.0,West,True,R,0.205,-6.0,R,True
senate-2018-UT-held2,senate-2018,US_SENATE,UT,held,2018-11-06,R,False,-24.0,West,True,R,0.056,-6.0,R,True
senate-2018-VA-held2,senate-2018,US_SENATE,VA,held,2018-11-06,D,False,6.0,South,True,D,0.721,-6.0,R,True
senate-2018-VT-held1,senate-2018,US_SENATE,VT,held,2018-11-06,D,False,30.0,Northeast,True,D,0.841,-6.0,R,True
senate-2018-VT-held2,senate-2018,US_SENATE,VT,held,2018-11-06,D,False,30.0,Northeast,True,D,0.836,-6.0,R,True
senate-2018-WA-held1,senate-2018,US_SENATE,WA,held,2018-11-06,R,False,12.0,West,True,R,0.76,-6.0,R,True
senate-2018-WA-held2,senate-2018,US_SENATE,WA,held,2018-11-06,D,False,12.0,West,True,D,0.774,-6.0,R,True
senate-2018-WI-held1,senate-2018,US_SENATE,WI,held,2018-11-06,R,False,1.0,Midwest,True,R,0.5,-6.0,R,True
senate-2018-WI-held2,senate-2018,US_SENATE,WI,held,2018-11-06,D,False,1.0,Midwest,True,D,0.494,-6.0,R,True
senate-2018-WV-held2,senate-2018,US_SENATE,WV,held,2018-11-06,R,False,-30.0,South,True,R,0.092,-6.0,R,True
senate-2018-WY-held2,senate-2018,US_SENATE,WY,held,2018-11-06,R,False,-40.0,West,True,R,0.127,-6.0,R,True
senate-2020-AK,senate-2020,US_SENATE,AK,I/III,2020-11-03,R,False,-11.07,West,False,R,0.373,-10.0,R,False
senate-2020-AZ,senate-2020,US_SENATE,AZ,I/III,2020-11-03,D,False,-4.05,West,False,D,0.415,-10.0,R,False
senate-2020-CA,senate-2020,US_SENATE,CA,I/III,2020-11-03,R,False,23.62,West,False,R,0.819,-10.0,R,False
senate-2020-CT,senate-2020,US_SENATE,CT,I/III,2020-11-03,D,False,11.51,Northeast,False,D,0.703,-10.0,R,False
senate-2020-FL,senate-2020,US_SENATE,FL,I/III,2020-11-03,,True,3.31,South,False,R,0.703,-10.0,R,False
senate-2020-HI,senate-2020,US_SENATE,HI,I/III,2020-11-03,,True,24.59,West,False,D,0.844,-10.0,R,False
senate-2020-IN,senate-2020,US_SENATE,IN,I/III,2020-11-03,,True,-13.96,Midwest,False,D,0.275,-10.0,R,False
senate-2020-MD,senate-2020,US_SENATE,MD,I/III,2020-11-03,,True,20.44,Northeast,False,D,0.863,-10.0,R,False
senate-2020-MI,senate-2020,US_SENATE,MI,I/III,2020-11-03,,True,1.86,Midwest,False,D,0.504,-10.0,R,False
senate-2020-MO,senate-2020,US_SENATE,MO,I/III,2020-11-03,D,False,-11.84,Midwest,False,D,0.331,-10.0,R,False
senate-2020-MS,senate-2020,US_SENATE,MS,I/III,2020-11-03,,True,-15.77,South,False,D,0.251,-10.0,R,False
senate-2020-NC,senate-2020,US_SENATE,NC,I/III,2020-11-03,R,False,-3.36,South,False,R,0.502,-10.0,R,False
senate-2020-ND,senate-2020,US_SENATE,ND,I/III,2020-11-03,R,False,-29.28,Midwest,False,R,0.092,-10.0,R,False
senate-2020-NV,senate-2020,US_SENATE,NV,I/III,2020-11-03,R,False,-0.63,West,False,R,0.476,-10.0,R,False
senate-2020-NY,senate-2020,US_SENATE,NY,I/III,2020-11-03,D,False,14.13,Northeast,False,D,0.802,-10.0,R,False
senate-2020-OH,senate-2020,US_SENATE,OH,I/III,2020-11-03,D,False,-6.71,Midwest,False,D,0.487,-10.0,R,False
senate-2020-PA,senate-2020,US_SENATE,PA,I/III,2020-11-03,R,False,3.7,Northeast,False,R,0.66,-10.0,R,False
senate-2020-UT,senate-2020,US_SENATE,UT,I/III,2020-11-03,R,False,-23.68,West,False,R,0.05,-10.0,R,False
senate-2020-VT,senate-2020,US_SENATE,VT,I/III,2020-11-03,D,False,26.98,Northeast,False,D,0.95,-10.0,R,False
senate-2020-WA,senate-2020,US_SENATE,WA,I/III,2020-11-03,,True,15.03,West,False,D,0.799,-10.0,R,False
senate-2020-WI,senate-2020,US_SENATE,WI,I/III,2020-11-03,D,False,0.25,Midwest,False,D,0.672,-10.0,R,False
senate-2020-WY,senate-2020,US_SENATE,WY,I/III,2020-11-03,R,False,-40.44,West,False,R,0.17,-10.0,R,False
senate-2020-AK-held2,senate-2020,US_SENATE,AK,held,2020-11-03,R,False,-15.0,West,True,R,0.122,-10.0,R,False
senate-2020-AL-held1,senate-2020,US_SENATE,AL,held,2020-11-03,R,False,-28.0,South,True,R,0.064,-10.0,R,False
senate-2020-AL-held2,senate-2020,US_SENATE,AL,held,2020-11-03,R,False,-28.0,South,True,R,0.05,-10.0,R,False
senate-2020-AR-held1,senate-2020,US_SENATE,AR,held,2020-11-03,R,False,-27.0,South,True,R,0.068,-10.0,R,False
senate-2020-AR-held2,senate-2020,US_SENATE,AR,held,2020-11-03,R,False,-27.0,South,True,R,0.117,-10.0,R,False
senate-2020-AZ-held2,senate-2020,US_SENATE,AZ,held,2020-11-03,D,False,-2.0,West,True,D,0.432,-10.0,R,False
senate-2020-CA-held2,senate-2020,US_SENATE,CA,held,2020-11-03,D,False,22.0,West,True,D,0.756,-10.0,R,False
senate-2020-CO-held1,senate-2020,US_SENATE,CO,held,2020-11-03,D,False,6.0,West,True,D,0.631,-10.0,R,False
senate-2020-CO-held2,senate-2020,US_SENATE,CO,held,2020-11-03,D,False,6.0,West,True,D,0.565,-10.0,R,False
senate-2020-CT-held2,senate-2020,US_SENATE,CT,held,2020-11-03,D,False,14.0,Northeast,True,D,0.862,-10.0,R,False
senate-2020-DE-held1,senate-2020,US_SENATE,DE,held,2020-11-03,D,False,12.0,Northeast,True,D,0.73,-10.0,R,False
senate-2020-DE-held2,senate-2020,US_SENATE,DE,held,2020-11-03,D,False,12.0,Northeast,True,D,0.717,-10.0,R,False
senate-2020-FL-held2,senate-2020,US_SENATE,FL,held,2020-11-03,R,False,-4.0,South,True,R,0.336,-10.0,R,False
senate-2020-GA-held1,senate-2020,US_SENATE,GA,held,2020-11-03,R,False,0.0,South,True,R,0.5,-10.0,R,False
senate-2020-GA-held2,senate-2020,US_SENATE,GA,held,2020-11-03,D,False,0.0,South,True,D,0.418,-10.0,R,False
senate-2020-HI-held2,senate-2020,US_SENATE,HI,held,2020-11-03,D,False,28.0,West,True,D,0.95,-10.0,R,False
senate-2020-IA-held1,senate-2020,US_SENATE,IA,held,2020-11-03,R,False,-6.0,Midwest,True,R,0.317,-10.0,R,False
senate-2020-IA-held2,senate-2020,US_SENATE,IA,held,2020-11-03,D,False,-6.0,Midwest,True,D,0.403,-10.0,R,False
senate-2020-ID-held1,senate-2020,US_SENATE,ID,held,2020-11-03,R,False,-32.0,West,True,R,0.091,-10.0,R,False
senate-2020-ID-held2,senate-2020,US_SENATE,ID,held,2020-11-03,R,False,-32.0,West,True,R,0.068,-10.0,R,False
senate-2020-IL-held1,senate-2020,US_SENATE,IL,held,2020-11-03,R,False,14.0,Midwest,True,R,0.823,-10.0,R,False
senate-2020-IL-held2,senate-2020,US_SENATE,IL,held,2020-11-03,D,False,14.0,Midwest,True,D,0.745,-10.0,R,False
senate-2020-IN-held2,senate-2020,US_SENATE,IN,held,2020-11-03,R,False,-16.0,Midwest,True,R,0.147,-10.0,R,False
senate-2020-KS-held1,senate-2020,US_SENATE,KS,held,2020-11-03,R,False,-14.0,Midwest,True,R,0.338,-10.0,R,False
senate-2020-KS-held2,senate-2020,US_SENATE,KS,held,2020-11-03,R,False,-14.0,Midwest,True,R,0.359,-10.0,R,False
senate-2020-KY-held1,senate-2020,US_SENATE,KY,held,2020-11-03,R,False,-24.0,South,True,R,0.05,-10.0,R,False
senate-2020-KY-held2,senate-2020,US_SENATE,KY,held,2020-11-03,R,False,-24.0,South,True,R,0.177,-10.0,R,False
senate-2020-LA-held1,senate-2020,US_SENATE,LA,held,2020-11-03,R,False,-18.0,South,True,R,0.311,-10.0,R,False
senate-2020-LA-held2,senate-2020,US_SENATE,LA,held,2020-11-03,R,False,-18.0,South,True,R,0.169,-10.0,R,False
senate-2020-MA-held1,senate-2020,US_SENATE,MA,held,2020-11-03,D,False,26.0,Northeast,True,D,0.781,-10.0,R,False
senate-2020-MA-held2,senate-2020,US_SENATE,MA,held,2020-11-03,D,False,26.0,Northeast,True,D,0.786,-10.0,R,False
senate-2020-MD-held2,senate-2020,US_SENATE,MD,held,2020-11-03,D,False,22.0,Northeast,True,D,0.941,-10.0,R,False
senate-2020-ME-held1,senate-2020,US_SENATE,ME,held,2020-11-03,D,False,4.0,Northeast,True,D,0.514,-10.0,R,False
senate-2020-ME-held2,senate-2020,US_SENATE,ME,held,2020-11-03,R,False,4.0,Northeast,True,R,0.557,-10.0,R,False
senate-2020-MI-held2,senate-2020,US_SENATE,MI,held,2020-11-03,R,False,2.0,Midwest,True,R,0.642,-10.0,R,False
senate-2020-MN-held1,senate-2020,US_SENATE,MN,held,2020-11-03,R,False,4.0,Midwest,True,R,0.563,-10.0,R,False
senate-2020-MN-held2,senate-2020,US_SENATE,MN,held,2020-11-03,D,False,4.0,Midwest,True,D,0.593,-10.0,R,False
senate-2020-MO-held2,senate-2020,US_SENATE,MO,held,2020-11-03,R,False,-14.0,Midwest,True,R,0.213,-10.0,R,False
senate-2020-MS-held2,senate-2020,US_SENATE,MS,held,2020-11-03,R,False,-18.0,South,True,R,0.289,-10.0,R,False
senate-2020-MT-held1,senate-2020,US_SENATE,MT,held,2020-11-03,D,False,-12.0,West,True,D,0.236,-10.0,R,False
senate-2020-MT-held2,senate-2020,US_SENATE,MT,held,2020-11-03,R,False,-12.0,West,True,R,0.25,-10.0,R,False
senate-2020-NC-held2,senate-2020,US_SENATE,NC,held,2020-11-03,R,False,-2.0,South,True,R,0.379,-10.0,R,False
senate-2020-ND-held2,senate-2020,US_SENATE,ND,held,2020-11-03,R,False,-28.0,Midwest,True,R,0.233,-10.0,R,False
senate-2020-NE-held1,senate-2020,US_SENATE,NE,held,2020-11-03,R,False,-20.0,Midwest,True,R,0.217,-10.0,R,False
senate-2020-NE-held2,senate-2020,US_SENATE,NE,held,2020-11-03,R,False,-20.0,Midwest,True,R,0.153,-10.0,R,False
senate-2020-NH-held1,senate-2020,US_SENATE,NH,held,2020-11-03,D,False,2.0,Northeast,True,D,0.602,-10.0,R,False
senate-2020-NH-held2,senate-2020,US_SENATE,NH,held,2020-11-03,D,False,2.0,Northeast,True,D,0.484,-10.0,R,False
senate-2020-NJ-held1,senate-2020,US_SENATE,NJ,held,2020-11-03,D,False,10.0,Northeast,True,D,0.801,-10.0,R,False
senate-2020-NJ-held2,senate-2020,US_SENATE,NJ,held,2020-11-03,R,False,10.0,Northeast,True,R,0.765,-10.0,R,False
senate-2020-NM-held1,senate-2020,US_SENATE,NM,held,2020-11-03,D,False,8.0,West,True,D,0.791,-10.0,R,False
senate-2020-NM-held2,senate-2020,US_SENATE,NM,held,2020-11-03,D,False,8.0,West,True,D,0.778,-10.0,R,False
senate-2020-NV-held2,senate-2020,US_SENATE,NV,held,2020-11-03,D,False,0.0,West,True,D,0.498,-10.0,R,False
senate-2020-NY-held2,senate-2020,US_SENATE,NY,held,2020-11-03,R,False,18.0,Northeast,True,R,0.87,-10.0,R,False
senate-2020-OH-held2,senate-2020,US_SENATE,OH,held,2020-11-03,R,False,-6.0,Midwest,True,R,0.155,-10.0,R,False
senate-2020-OK-held1,senate-2020,US_SENATE,OK,held,2020-11-03,R,False,-30.0,South,True,R,0.05,-10.0,R,False
senate-2020-OK-held2,senate-2020,US_SENATE,OK,held,2020-11-03,R,False,-30.0,South,True,R,0.167,-10.0,R,False
senate-2020-OR-held1,senate-2020,US_SENATE,OR,held,2020-11-03,D,False,10.0,West,True,D,0.73,-10.0,R,False
senate-2020-OR-held2,senate-2020,US_SENATE,OR,held,2020-11-03,R,False,10.0,West,True,R,0.81,-10.0,R,False
senate-2020-PA-held2,senate-2020,US_SENATE,PA,held,2020-11-03,R,False,1.0,Northeast,True,R,0.577,-10.0,R,False
senate-2020-RI-held1,senate-2020,US_SENATE,RI,held,2020-11-03,R,False,18.0,Northeast,True,R,0.874,-10.0,R,False
senate-2020-RI-held2,senate-2020,US_SENATE,RI,held,2020-11-03,R,False,18.0,Northeast,True,R,0.907,-10.0,R,False
senate-2020-SC-held1,senate-2020,US_SENATE,SC,held,2020-11-03,D,False,-14.0,South,True,D,0.308,-10.0,R,False
senate-2020-SC-held2,senate-2020,US_SENATE,SC,held,2020-11-03,R,False,-14.0,South,True,R,0.369,-10.0,R,False
senate-2020-SD-held1,senate-2020,US_SENATE,SD,held,2020-11-03,R,False,-26.0,Midwest,True,R,0.05,-10.0,R,False
senate-2020-SD-held2,senate-2020,US_SENATE,SD,held,2020-11-03,R,False,-26.0,Midwest,True,R,0.054,-10.0,R,False
senate-2020-TN-held1,senate-2020,US_SENATE,TN,held,2020-11-03,R,False,-22.0,South,True,R,0.143,-10.0,R,False
senate-2020-TN-held2,senate-2020,US_SENATE,TN,held,2020-11-03,R,False,-22.0,South,True,R,0.234,-10.0,R,False
senate-2020-TX-held1,senate-2020,US_SENATE,TX,held,2020-11-03,R,False,-8.0,South,True,R,0.499,-10.0,R,False
senate-2020-TX-held2,senate-2020,US_SENATE,TX,held,2020-11-03,R,False,-8.0,South,True,R,0.402,-10.0,R,False
senate-2020-UT-held2,senate-2020,US_SENATE,UT,held,2020-11-03,R,False,-24.0,West,True,R,0.05,-10.0,R,False
senate-2020-VA-held1,senate-2020,US_SENATE,VA,held,2020-11-03,D,False,6.0,South,True,D,0.623,-10.0,R,False
senate-2020-VA-held2,senate-2020,US_SENATE,VA,held,2020-11-03,R,False,6.0,South,True,R,0.563,-10.0,R,False
senate-2020-VT-held2,senate-2020,US_SENATE,VT,held,2020-11-03,D,False,30.0,Northeast,True,D,0.871,-10.0,R,False
senate-2020-WA-held2,senate-2020,US_SENATE,WA,held,2020-11-03,D,False,12.0,West,True,D,0.764,-10.0,R,False
senate-2020-WI-held2,senate-2020,US_SENATE,WI,held,2020-11-03,D,False,1.0,Midwest,True,D,0.525,-10.0,R,False
senate-2020-WV-held1,senate-2020,US_SENATE,WV,held,2020-11-03,R,False,-30.0,South,True,R,0.108,-10.0,R,False
senate-2020-WV-held2,senate-2020,US_SENATE,WV,held,2020-11-03,R,False,-30.0,South,True,R,0.12,-10.0,R,False
senate-2020-WY-held2,senate-2020,US_SENATE,WY,held,2020-11-03,R,False,-40.0,West,True,R,0.184,-10.0,R,False
senate-2022-AL,senate-2022,US_SENATE,AL,II,2022-11-08,,True,-30.81,South,False,R,0.05,-12.0,D,True
senate-2022-AK,senate-2022,US_SENATE,AK,II,2022-11-08,D,False,-12.55,West,False,D,0.28,-12.0,D,True
senate-2022-AR,senate-2022,US_SENATE,AR,II,2022-11-08,R,False,-26.35,South,False,R,0.088,-12.0,D,True
senate-2022-CO,senate-2022,US_SENATE,CO,II,2022-11-08,D,False,8.71,West,False,D,0.667,-12.0,D,True
senate-2022-DE,senate-2022,US_SENATE,DE,II,2022-11-08,D,False,11.01,Northeast,False,D,0.607,-12.0,D,True
senate-2022-GA,senate-2022,US_SENATE,GA,II,2022-11-08,R,False,1.05,South,False,R,0.552,-12.0,D,True
senate-2022-ID,senate-2022,US_SENATE,ID,II,2022-11-08,,True,-30.52,West,False,R,0.05,-12.0,D,True
senate-2022-IL,senate-2022,US_SENATE,IL,II,2022-11-08,D,False,14.29,Midwest,False,D,0.628,-12.0,D,True
senate-2022-IA,senate-2022,US_SENATE,IA,II,2022-11-08,R,False,-6.29,Midwest,False,R,0.428,-12.0,D,True
senate-2022-KS,senate-2022,US_SENATE,KS,II,2022-11-08,R,False,-11.6,Midwest,False,R,0.199,-12.0,D,True
senate-2022-KY,senate-2022,US_SENATE,KY,II,2022-11-08,R,False,-24.9,South,False,R,0.144,-12.0,D,True
senate-2022-LA,senate-2022,US_SENATE,LA,II,2022-11-08,D,False,-19.66,South,False,D,0.121,-12.0,D,True
senate-2022-ME,senate-2022,US_SENATE,ME,II,2022-11-08,D,False,4.7,Northeast,False,D,0.564,-12.0,D,True
senate-2022-MA,senate-2022,US_SENATE,MA,II,2022-11-08,D,False,24.54,Northeast,False,D,0.879,-12.0,D,True
senate-2022-MI,senate-2022,US_SENATE,MI,II,2022-11-08,R,False,3.27,Midwest,False,R,0.46,-12.0,D,True
senate-2022-MN,senate-2022,US_SENATE,MN,II,2022-11-08,R,False,4.76,Midwest,False,R,0.757,-12.0,D,True
senate-2022-MS,senate-2022,US_SENATE,MS,II,2022-11-08,,True,-13.81,South,False,R,0.304,-12.0,D,True
senate-2022-MT,senate-2022,US_SENATE,MT,II,2022-11-08,,True,-13.55,West,False,R,0.179,-12.0,D,True
senate-2022-NE,senate-2022,US_SENATE,NE,II,2022-11-08,R,False,-17.4,Midwest,False,R,0.091,-12.0,D,True
senate-2022-NH,senate-2022,US_SENATE,NH,II,2022-11-08,D,False,1.4,Northeast,False,D,0.569,-12.0,D,True
senate-2022-NJ,senate-2022,US_SENATE,NJ,II,2022-11-08,D,False,9.4,Northeast,False,D,0.84,-12.0,D,True
senate-2022-NM,senate-2022,US_SENATE,NM,II,2022-11-08,D,False,7.71,West,False,D,0.72,-12.0,D,True
senate-2022-NC,senate-2022,US_SENATE,NC,II,2022-11-08,D,False,-2.51,South,False,D,0.501,-12.0,D,True
senate-2022-OK,senate-2022,US_SENATE,OK,II,2022-11-08,R,False,-28.1,South,False,R,0.183,-12.0,D,True
senate-2022-OR,senate-2022,US_SENATE,OR,II,2022-11-08,D,False,11.66,West,False,D,0.674,-12.0,D,True
senate-2022-RI,senate-2022,US_SENATE,RI,II,2022-11-08,D,False,19.16,Northeast,False,D,0.879,-12.0,D,True
senate-2022-SC,senate-2022,US_SENATE,SC,II,2022-11-08,R,False,-14.22,South,False,R,0.279,-12.0,D,True
senate-2022-SD,senate-2022,US_SENATE,SD,II,2022-11-08,R,False,-28.15,Midwest,False,R,0.05,-12.0,D,True
senate-2022-TN,senate-2022,US_SENATE,TN,II,2022-11-08,,True,-22.72,South,False,R,0.136,-12.0,D,True
senate-2022-TX,senate-2022,US_SENATE,TX,II,2022-11-08,R,False,-6.4,South,False,R,0.369,-12.0,D,True
senate-2022-VA,senate-2022,US_SENATE,VA,II,2022-11-08,R,False,1.59,South,False,R,0.564,-12.0,D,True
senate-2022-WV,senate-2022,US_SENATE,WV,II,2022-11-08,R,False,-25.28,South,False,R,0.05,-12.0,D,True
senate-2022-WY,senate-2022,US_SENATE,WY,II,2022-11-08,R,False,-40.21,West,False,R,0.05,-12.0,D,True
senate-2022-AK-held2,senate-2022,US_SENATE,AK,held,2022-11-08,D,False,-15.0,West,True,D,0.302,-12.0,D,True
senate-2022-AL-held2,senate-2022,US_SENATE,AL,held,2022-11-08,R,False,-28.0,South,True,R,0.12,-12.0,D,True
senate-2022-AR-held2,senate-2022,US_SENATE,AR,held,2022-11-08,R,False,-27.0,South,True,R,0.143,-12.0,D,True
senate-2022-AZ-held1,senate-2022,US_SENATE,AZ,held,2022-11-08,D,False,-2.0,West,True,D,0.481,-12.0,D,True
senate-2022-AZ-held2,senate-2022,US_SENATE,AZ,held,2022-11-08,R,False,-2.0,West,True,R,0.52,-12.0,D,True
senate-2022-CA-held1,senate-2022,US_SENATE,CA,held,2022-11-08,D,False,22.0,West,True,D,0.898,-12.0,D,True
senate-2022-CA-held2,senate-2022,US_SENATE,CA,held,2022-11-08,D,False,22.0,West,True,D,0.787,-12.0,D,True
senate-2022-CO-held2,senate-2022,US_SENATE,CO,held,2022-11-08,R,False,6.0,West,True,R,0.621,-12.0,D,True
senate-2022-CT-held1,senate-2022,US_SENATE,CT,held,2022-11-08,D,False,14.0,Northeast,True,D,0.87,-12.0,D,True
senate-2022-CT-held2,senate-2022,US_SENATE,CT,held,2022-11-08,R,False,14.0,Northeast,True,R,0.679,-12.0,D,True
senate-2022-DE-held2,senate-2022,US_SENATE,DE,held,2022-11-08,R,False,12.0,Northeast,True,R,0.607,-12.0,D,True
senate-2022-FL-held1,senate-2022,US_SENATE,FL,held,2022-11-08,D,False,-4.0,South,True,D,0.372,-12.0,D,True
senate-2022-FL-held2,senate-2022,US_SENATE,FL,held,2022-11-08,R,False,-4.0,South,True,R,0.474,-12.0,D,True
senate-2022-GA-held2,senate-2022,US_SENATE,GA,held,2022-11-08,R,False,0.0,South,True,R,0.539,-12.0,D,True
senate-2022-HI-held1,senate-2022,US_SENATE,HI,held,2022-11-08,D,False,28.0,West,True,D,0.95,-12.0,D,True
senate-2022-HI-held2,senate-2022,US_SENATE,HI,held,2022-11-08,D,False,28.0,West,True,D,0.75,-12.0,D,True
senate-2022-IA-held2,senate-2022,US_SENATE,IA,held,2022-11-08,D,False,-6.0,Midwest,True,D,0.309,-12.0,D,True
senate-2022-ID-held2,senate-2022,US_SENATE,ID,held,2022-11-08,R,False,-32.0,West,True,R,0.081,-12.0,D,True
senate-2022-IL-held2,senate-2022,US_SENATE,IL,held,2022-11-08,R,False,14.0,Midwest,True,R,0.732,-12.0,D,True
senate-2022-IN-held1,senate-2022,US_SENATE,IN,held,2022-11-08,R,False,-16.0,Midwest,True,R,0.174,-12.0,D,True
senate-2022-IN-held2,senate-2022,US_SENATE,IN,held,2022-11-08,D,False,-16.0,Midwest,True,D,0.277,-12.0,D,True
senate-2022-KS-held2,senate-2022,US_SENATE,KS,held,2022-11-08,R,False,-14.0,Midwest,True,R,0.388,-12.0,D,True
senate-2022-KY-held2,senate-2022,US_SENATE,KY,held,2022-11-08,D,False,-24.0,South,True,D,0.219,-12.0,D,True
senate-2022-LA-held2,senate-2022,US_SENATE,LA,held,2022-11-08,R,False,-18.0,South,True,R,0.187,-12.0,D,True
senate-2022-MA-held2,senate-2022,US_SENATE,MA,held,2022-11-08,D,False,26.0,Northeast,True,D,0.862,-12.0,D,True
senate-2022-MD-held1,senate-2022,US_SENATE,MD,held,2022-11-08,R,False,22.0,Northeast,True,R,0.799,-12.0,D,True
senate-2022-MD-held2,senate-2022,US_SENATE,MD,held,2022-11-08,D,False,22.0,Northeast,True,D,0.87,-12.0,D,True
senate-2022-ME-held2,senate-2022,US_SENATE,ME,held,2022-11-08,R,False,4.0,Northeast,True,R,0.536,-12.0,D,True
senate-2022-MI-held2,senate-2022,US_SENATE,MI,held,2022-11-08,D,False,2.0,Midwest,True,D,0.627,-12.0,D,True
senate-2022-MN-held2,senate-2022,US_SENATE,MN,held,2022-11-08,D,False,4.0,Midwest,True,D,0.675,-12.0,D,True
senate-2022-MO-held1,senate-2022,US_SENATE,MO,held,2022-11-08,R,False,-14.0,Midwest,True,R,0.088,-12.0,D,True
senate-2022-MO-held2,senate-2022,US_SENATE,MO,held,2022-11-08,R,False,-14.0,Midwest,True,R,0.158,-12.0,D,True
senate-2022-MS-held2,senate-2022,US_SENATE,MS,held,2022-11-08,R,False,-18.0,South,True,R,0.153,-12.0,D,True
senate-2022-MT-held2,senate-2022,US_SENATE,MT,held,2022-11-08,D,False,-12.0,West,True,D,0.122,-12.0,D,True
senate-2022-NC-held2,senate-2022,US_SENATE,NC,held,2022-11-08,R,False,-2.0,South,True,R,0.34,-12.0,D,True
senate-2022-ND-held1,senate-2022,US_SENATE,ND,held,2022-11-08,R,False,-28.0,Midwest,True,R,0.163,-12.0,D,True
senate-2022-ND-held2,senate-2022,US_SENATE,ND,held,2022-11-08,R,False,-28.0,Midwest,True,R,0.062,-12.0,D,True
senate-2022-NE-held2,senate-2022,US_SENATE,NE,held,2022-11-08,R,False,-20.0,Midwest,True,R,0.126,-12.0,D,True
senate-2022-NH-held2,senate-2022,US_SENATE,NH,held,2022-11-08,R,False,2.0,Northeast,True,R,0.55,-12.0,D,True
senate-2022-NJ-held2,senate-2022,US_SENATE,NJ,held,2022-11-08,R,False,10.0,Northeast,True,R,0.686,-12.0,D,True
senate-2022-NM-held2,senate-2022,US_SENATE,NM,held,2022-11-08,D,False,8.0,West,True,D,0.63,-12.0,D,True
senate-2022-NV-held1,senate-2022,US_SENATE,NV,held,2022-11-08,D,False,0.0,West,True,D,0.361,-12.0,D,True
senate-2022-NV-held2,senate-2022,US_SENATE,NV,held,2022-11-08,R,False,0.0,West,True,R,0.531,-12.0,D,True
senate-2022-NY-held1,senate-2022,US_SENATE,NY,held,2022-11-08,D,False,18.0,Northeast,True,D,0.806,-12.0,D,True
senate-2022-NY-held2,senate-2022,US_SENATE,NY,held,2022-11-08,D,False,18.0,Northeast,True,D,0.759,-12.0,D,True
senate-2022-OH-held1,senate-2022,US_SENATE,OH,held,2022-11-08,R,False,-6.0,Midwest,True,R,0.346,-12.0,D,True
senate-2022-OH-held2,senate-2022,US_SENATE,OH,held,2022-11-08,R,False,-6.0,Midwest,True,R,0.503,-12.0,D,True
senate-2022-OK-held2,senate-2022,US_SENATE,OK,held,2022-11-08,R,False,-30.0,South,True,R,0.05,-12.0,D,True
senate-2022-OR-held2,senate-2022,US_SENATE,OR,held,2022-11-08,D,False,10.0,West,True,D,0.632,-12.0,D,True
senate-2022-PA-held1,senate-2022,US_SENATE,PA,held,2022-11-08,D,False,1.0,Northeast,True,D,0.47,-12.0,D,True
senate-2022-PA-held2,senate-2022,US_SENATE,PA,held,2022-11-08,R,False,1.0,Northeast,True,R,0.416,-12.0,D,True
senate-2022-RI-held2,senate-2022,US_SENATE,RI,held,2022-11-08,D,False,18.0,Northeast,True,D,0.686,-12.0,D,True
senate-2022-SC-held2,senate-2022,US_SENATE,SC,held,2022-11-08,D,False,-14.0,South,True,D,0.08,-12.0,D,True
senate-2022-SD-held2,senate-2022,US_SENATE,SD,held,2022-11-08,R,False,-26.0,Midwest,True,R,0.05,-12.0,D,True
senate-2022-TN-held2,senate-2022,US_SENATE,TN,held,2022-11-08,R,False,-22.0,South,True,R,0.108,-12.0,D,True
senate-2022-TX-held2,senate-2022,US_SENATE,TX,held,2022-11-08,D,False,-8.0,South,True,D,0.372,-12.0,D,True
senate-2022-UT-held1,senate-2022,US_SENATE,UT,held,2022-11-08,R,False,-24.0,West,True,R,0.087,-12.0,D,True
senate-2022-UT-held2,senate-2022,US_SENATE,UT,held,2022-11-08,D,False,-24.0,West,True,D,0.072,-12.0,D,True
senate-2022-VA-held2,senate-2022,US_SENATE,VA,held,2022-11-08,R,False,6.0,South,True,R,0.477,-12.0,D,True
senate-2022-VT-held1,senate-2022,US_SENATE,VT,held,2022-11-08,D,False,30.0,Northeast,True,D,0.876,-12.0,D,True
senate-2022-VT-held2,senate-2022,US_SENATE,VT,held,2022-11-08,D,False,30.0,Northeast,True,D,0.943,-12.0,D,True
senate-2022-WA-held1,senate-2022,US_SENATE,WA,held,2022-11-08,R,False,12.0,West,True,R,0.789,-12.0,D,True
senate-2022-WA-held2,senate-2022,US_SENATE,WA,held,2022-11-08,D,False,12.0,West,True,D,0.749,-12.0,D,True
senate-2022-WI-held1,senate-2022,US_SENATE,WI,held,2022-11-08,D,False,1.0,Midwest,True,D,0.463,-12.0,D,True
senate-2022-WI-held2,senate-2022,US_SENATE,WI,held,2022-11-08,D,False,1.0,Midwest,True,D,0.433,-12.0,D,True
senate-2022-WV-held2,senate-2022,US_SENATE,WV,held,2022-11-08,R,False,-30.0,South,True,R,0.05,-12.0,D,True
senate-2022-WY-held2,senate-2022,US_SENATE,WY,held,2022-11-08,R,False,-40.0,West,True,R,0.05,-12.0,D,True
senate-2024-AR,senate-2024,US_SENATE,AR,I/III,2024-11-05,R,False,-27.94,South,False,R,0.078,-14.0,D,False
senate-2024-AZ,senate-2024,US_SENATE,AZ,I/III,2024-11-05,R,False,-1.43,West,False,R,0.404,-14.0,D,False
senate-2024-CA,senate-2024,US_SENATE,CA,I/III,2024-11-05,,True,23.95,West,False,D,0.73,-14.0,D,False
senate-2024-CT,senate-2024,US_SENATE,CT,I/III,2024-11-05,D,False,13.62,Northeast,False,D,0.768,-14.0,D,False
senate-2024-FL,senate-2024,US_SENATE,FL,I/III,2024-11-05,,True,-0.02,South,False,R,0.476,-14.0,D,False
senate-2024-HI,senate-2024,US_SENATE,HI,I/III,2024-11-05,D,False,28.62,West,False,D,0.95,-14.0,D,False
senate-2024-ID,senate-2024,US_SENATE,ID,I/III,2024-11-05,,True,-31.5,West,False,R,0.134,-14.0,D,False
senate-2024-IL,senate-2024,US_SENATE,IL,I/III,2024-11-05,D,False,15.09,Midwest,False,D,0.739,-14.0,D,False
senate-2024-IN,senate-2024,US_SENATE,IN,I/III,2024-11-05,R,False,-16.85,Midwest,False,R,0.294,-14.0,D,False
senate-2024-KY,senate-2024,US_SENATE,KY,I/III,2024-11-05,R,False,-24.07,South,False,R,0.19,-14.0,D,False
senate-2024-MD,senate-2024,US_SENATE,MD,I/III,2024-11-05,D,False,21.89,Northeast,False,D,0.839,-14.0,D,False
senate-2024-MO,senate-2024,US_SENATE,MO,I/III,2024-11-05,R,False,-11.75,Midwest,False,R,0.192,-14.0,D,False
senate-2024-ND,senate-2024,US_SENATE,ND,I/III,2024-11-05,R,False,-27.78,Midwest,False,R,0.05,-14.0,D,False
senate-2024-NJ,senate-2024,US_SENATE,NJ,I/III,2024-11-05,,True,9.53,Northeast,False,D,0.804,-14.0,D,False
senate-2024-NV,senate-2024,US_SENATE,NV,I/III,2024-11-05,R,False,0.57,West,False,R,0.578,-14.0,D,False
senate-2024-NY,senate-2024,US_SENATE,NY,I/III,2024-11-05,D,False,19.21,Northeast,False,D,0.862,-14.0,D,False
senate-2024-OH,senate-2024,US_SENATE,OH,I/III,2024-11-05,D,False,-5.99,Midwest,False,D,0.346,-14.0,D,False
senate-2024-PA,senate-2024,US_SENATE,PA,I/III,2024-11-05,D,False,-2.23,Northeast,False,D,0.512,-14.0,D,False
senate-2024-UT,senate-2024,US_SENATE,UT,I/III,2024-11-05,,True,-22.77,West,False,R,0.05,-14.0,D,False
senate-2024-VT,senate-2024,US_SENATE,VT,I/III,2024-11-05,,True,30.69,Northeast,False,D,0.95,-14.0,D,False
senate-2024-WA,senate-2024,US_SENATE,WA,I/III,2024-11-05,R,False,11.66,West,False,R,0.712,-14.0,D,False
senate-2024-WI,senate-2024,US_SENATE,WI,I/III,2024-11-05,D,False,0.37,Midwest,False,D,0.573,-14.0,D,False
senate-2024-AK-held1,senate-2024,US_SENATE,AK,held,2024-11-05,R,False,-15.0,West,True,R,0.228,-14.0,D,False
senate-2024-AK-held2,senate-2024,US_SENATE,AK,held,2024-11-05,R,False,-15.0,West,True,R,0.366,-14.0,D,False
senate-2024-AL-held1,senate-2024,US_SENATE,AL,held,2024-11-05,R,False,-28.0,South,True,R,0.148,-14.0,D,False
senate-2024-AL-held2,senate-2024,US_SENATE,AL,held,2024-11-05,R,False,-28.0,South,True,R,0.163,-14.0,D,False
senate-2024-AR-held2,senate-2024,US_SENATE,AR,held,2024-11-05,R,False,-27.0,South,True,R,0.134,-14.0,D,False
senate-2024-AZ-held2,senate-2024,US_SENATE,AZ,held,2024-11-05,R,False,-2.0,West,True,R,0.32,-14.0,D,False
senate-2024-CA-held2,senate-2024,US_SENATE,CA,held,2024-11-05,D,False,22.0,West,True,D,0.767,-14.0,D,False
senate-2024-CO-held1,senate-2024,US_SENATE,CO,held,2024-11-05,D,False,6.0,West,True,D,0.734,-14.0,D,False
senate-2024-CO-held2,senate-2024,US_SENATE,CO,held,2024-11-05,D,False,6.0,West,True,D,0.549,-14.0,D,False
senate-2024-CT-held2,senate-2024,US_SENATE,CT,held,2024-11-05,D,False,14.0,Northeast,True,D,0.604,-14.0,D,False
senate-2024-DE-held1,senate-2024,US_SENATE,DE,held,2024-11-05,R,False,12.0,Northeast,True,R,0.815,-14.0,D,False
senate-2024-DE-held2,senate-2024,US_SENATE,DE,held,2024-11-05,D,False,12.0,Northeast,True,D,0.734,-14.0,D,False
senate-2024-FL-held2,senate-2024,US_SENATE,FL,held,2024-11-05,D,False,-4.0,South,True,D,0.315,-14.0,D,False
senate-2024-GA-held1,senate-2024,US_SENATE,GA,held,2024-11-05,R,False,0.0,South,True,R,0.397,-14.0,D,False
senate-2024-GA-held2,senate-2024,US_SENATE,GA,held,2024-11-05,R,False,0.0,South,True,R,0.485,-14.0,D,False
senate-2024-HI-held2,senate-2024,US_SENATE,HI,held,2024-11-05,D,False,28.0,West,True,D,0.904,-14.0,D,False
senate-2024-IA-held1,senate-2024,US_SENATE,IA,held,2024-11-05,R,False,-6.0,Midwest,True,R,0.334,-14.0,D,False
senate-2024-IA-held2,senate-2024,US_SENATE,IA,held,2024-11-05,R,False,-6.0,Midwest,True,R,0.439,-14.0,D,False
senate-2024-ID-held2,senate-2024,US_SENATE,ID,held,2024-11-05,R,False,-32.0,West,True,R,0.05,-14.0,D,False
senate-2024-IL-held2,senate-2024,US_SENATE,IL,held,2024-11-05,D,False,14.0,Midwest,True,D,0.752,-14.0,D,False
senate-2024-IN-held2,senate-2024,US_SENATE,IN,held,2024-11-05,R,False,-16.0,Midwest,True,R,0.321,-14.0,D,False
senate-2024-KS-held1,senate-2024,US_SENATE,KS,held,2024-11-05,R,False,-14.0,Midwest,True,R,0.248,-14.0,D,False
senate-2024-KS-held2,senate-2024,US_SENATE,KS,held,2024-11-05,R,False,-14.0,Midwest,True,R,0.221,-14.0,D,False
senate-2024-KY-held2,senate-2024,US_SENATE,KY,held,2024-11-05,R,False,-24.0,South,True,R,0.141,-14.0,D,False
senate-2024-LA-held1,senate-2024,US_SENATE,LA,held,2024-11-05,R,False,-18.0,South,True,R,0.279,-14.0,D,False
senate-2024-LA-held2,senate-2024,US_SENATE,LA,held,2024-11-05,R,False,-18.0,South,True,R,0.201,-14.0,D,False
senate-2024-MA-held1,senate-2024,US_SENATE,MA,held,2024-11-05,D,False,26.0,Northeast,True,D,0.95,-14.0,D,False
senate-2024-MA-held2,senate-2024,US_SENATE,MA,held,2024-11-05,D,False,26.0,Northeast,True,D,0.95,-14.0,D,False
senate-2024-MD-held2,senate-2024,US_SENATE,MD,held,2024-11-05,D,False,22.0,Northeast,True,D,0.93,-14.0,D,False
senate-2024-ME-held1,senate-2024,US_SENATE,ME,held,2024-11-05,D,False,4.0,Northeast,True,D,0.609,-14.0,D,False
senate-2024-ME-held2,senate-2024,US_SENATE,ME,held,2024-11-05,D,False,4.0,Northeast,True,D,0.722,-14.0,D,False
senate-2024-MI-held1,senate-2024,US_SENATE,MI,held,2024-11-05,D,False,2.0,Midwest,True,D,0.362,-14.0,D,False
senate-2024-MI-held2,senate-2024,US_SENATE,MI,held,2024-11-05,R,False,2.0,Midwest,True,R,0.517,-14.0,D,False
senate-2024-MN-held1,senate-2024,US_SENATE,MN,held,2024-11-05,D,False,4.0,Midwest,True,D,0.692,-14.0,D,False
senate-2024-MN-held2,senate-2024,US_SENATE,MN,held,2024-11-05,R,False,4.0,Midwest,True,R,0.546,-14.0,D,False
senate-2024-MO-held2,senate-2024,US_SENATE,MO,held,2024-11-05,D,False,-14.0,Midwest,True,D,0.207,-14.0,D,False
senate-2024-MS-held1,senate-2024,US_SENATE,MS,held,2024-11-05,R,False,-18.0,South,True,R,0.179,-14.0,D,False
senate-2024-MS-held2,senate-2024,US_SENATE,MS,held,2024-11-05,D,False,-18.0,South,True,D,0.261,-14.0,D,False
senate-2024-MT-held1,senate-2024,US_SENATE,MT,held,2024-11-05,R,False,-12.0,West,True,R,0.208,-14.0,D,False
senate-2024-MT-held2,senate-2024,US_SENATE,MT,held,2024-11-05,D,False,-12.0,West,True,D,0.138,-14.0,D,False
senate-2024-NC-held1,senate-2024,US_SENATE,NC,held,2024-11-05,R,False,-2.0,South,True,R,0.464,-14.0,D,False
senate-2024-NC-held2,senate-2024,US_SENATE,NC,held,2024-11-05,D,False,-2.0,South,True,D,0.442,-14.0,D,False
senate-2024-ND-held2,senate-2024,US_SENATE,ND,held,2024-11-05,R,False,-28.0,Midwest,True,R,0.082,-14.0,D,False
senate-2024-NE-held1,senate-2024,US_SENATE,NE,held,2024-11-05,R,False,-20.0,Midwest,True,R,0.064,-14.0,D,False
senate-2024-NE-held2,senate-2024,US_SENATE,NE,held,2024-11-05,D,False,-20.0,Midwest,True,D,0.101,-14.0,D,False
senate-2024-NH-held1,senate-2024,US_SENATE,NH,held,2024-11-05,R,False,2.0,Northeast,True,R,0.567,-14.0,D,False
senate-2024-NH-held2,senate-2024,US_SENATE,NH,held,2024-11-05,R,False,2.0,Northeast,True,R,0.623,-14.0,D,False
senate-2024-NJ-held2,senate-2024,US_SENATE,NJ,held,2024-11-05,D,False,10.0,Northeast,True,D,0.611,-14.0,D,False
senate-2024-NM-held1,senate-2024,US_SENATE,NM,held,2024-11-05,D,False,8.0,West,True,D,0.658,-14.0,D,False
senate-2024-NM-held2,senate-2024,US_SENATE,NM,held,2024-11-05,D,False,8.0,West,True,D,0.633,-14.0,D,False
senate-2024-NV-held2,senate-2024,US_SENATE,NV,held,2024-11-05,D,False,0.0,West,True,D,0.66,-14.0,D,False
senate-2024-NY-held2,senate-2024,US_SENATE,NY,held,2024-11-05,D,False,18.0,Northeast,True,D,0.859,-14.0,D,False
senate-2024-OH-held2,senate-2024,US_SENATE,OH,held,2024-11-05,R,False,-6.0,Midwest,True,R,0.329,-14.0,D,False
senate-2024-OK-held1,senate-2024,US_SENATE,OK,held,2024-11-05,R,False,-30.0,South,True,R,0.05,-14.0,D,False
senate-2024-OK-held2,senate-2024,US_SENATE,OK,held,2024-11-05,R,False,-30.0,South,True,R,0.07,-14.0,D,False
senate-2024-OR-held1,senate-2024,US_SENATE,OR,held,2024-11-05,D,False,10.0,West,True,D,0.795,-14.0,D,False
senate-2024-OR-held2,senate-2024,US_SENATE,OR,held,2024-11-05,D,False,10.0,West,True,D,0.7,-14.0,D,False
senate-2024-PA-held2,senate-2024,US_SENATE,PA,held,2024-11-05,D,False,1.0,Northeast,True,D,0.551,-14.0,D,False
senate-2024-RI-held1,senate-2024,US_SENATE,RI,held,2024-11-05,D,False,18.0,Northeast,True,D,0.884,-14.0,D,False
senate-2024-RI-held2,senate-2024,US_SENATE,RI,held,2024-11-05,D,False,18.0,Northeast,True,D,0.875,-14.0,D,False
senate-2024-SC-held1,senate-2024,US_SENATE,SC,held,2024-11-05,R,False,-14.0,South,True,R,0.257,-14.0,D,False
senate-2024-SC-held2,senate-2024,US_SENATE,SC,held,2024-11-05,R,False,-14.0,South,True,R,0.232,-14.0,D,False
senate-2024-SD-held1,senate-2024,US_SENATE,SD,held,2024-11-05,R,False,-26.0,Midwest,True,R,0.157,-14.0,D,False
senate-2024-SD-held2,senate-2024,US_SENATE,SD,held,2024-11-05,D,False,-26.0,Midwest,True,D,0.094,-14.0,D,False
senate-2024-TN-held1,senate-2024,US_SENATE,TN,held,2024-11-05,R,False,-22.0,South,True,R,0.05,-14.0,D,False
senate-2024-TN-held2,senate-2024,US_SENATE,TN,held,2024-11-05,R,False,-22.0,South,True,R,0.119,-14.0,D,False
senate-2024-TX-held1,senate-2024,US_SENATE,TX,held,2024-11-05,R,False,-8.0,South,True,R,0.292,-14.0,D,False
senate-2024-TX-held2,senate-2024,US_SENATE,TX,held,2024-11-05,D,False,-8.0,South,True,D,0.406,-14.0,D,False
senate-2024-UT-held2,senate-2024,US_SENATE,UT,held,2024-11-05,R,False,-24.0,West,True,R,0.079,-14.0,D,False
senate-2024-VA-held1,senate-2024,US_SENATE,VA,held,2024-11-05,R,False,6.0,South,True,R,0.552,-14.0,D,False
senate-2024-VA-held2,senate-2024,US_SENATE,VA,held,2024-11-05,D,False,6.0,South,True,D,0.628,-14.0,D,False
senate-2024-VT-held2,senate-2024,US_SENATE,VT,held,2024-11-05,D,False,30.0,Northeast,True,D,0.937,-14.0,D,False
senate-2024-WA-held2,senate-2024,US_SENATE,WA,held,2024-11-05,R,False,12.0,West,True,R,0.686,-14.0,D,False
senate-2024-WI-held2,senate-2024,US_SENATE,WI,held,2024-11-05,D,False,1.0,Midwest,True,D,0.51,-14.0,D,False
senate-2024-WV-held1,senate-2024,US_SENATE,WV,held,2024-11-05,R,False,-30.0,South,True,R,0.05,-14.0,D,False
senate-2024-WV-held2,senate-2024,US_SENATE,WV,held,2024-11-05,R,False,-30.0,South,True,R,0.05,-14.0,D,False
senate-2024-WY-held1,senate-2024,US_SENATE,WY,held,2024-11-05,R,False,-40.0,West,True,R,0.05,-14.0,D,False
senate-2024-WY-held2,senate-2024,US_SENATE,WY,held,2024-11-05,R,False,-40.0,West,True,R,0.172,-14.0,D,False
senate-2026-AL,senate-2026,US_SENATE,AL,II,2026-11-03,R,False,-16.03,South,False,R,0.227,-8.0,R,True
senate-2026-AK,senate-2026,US_SENATE,AK,II,2026-11-03,R,False,-9.77,West,False,R,0.419,-8.0,R,True
senate-2026-AR,senate-2026,US_SENATE,AR,II,2026-11-03,R,False,-14.34,South,False,R,0.209,-8.0,R,True
senate-2026-CO,senate-2026,US_SENATE,CO,II,2026-11-03,D,False,3.05,West,False,D,0.588,-8.0,R,True
senate-2026-DE,senate-2026,US_SENATE,DE,II,2026-11-03,D,False,6.39,Northeast,False,D,0.612,-8.0,R,True
senate-2026-GA,senate-2026,US_SENATE,GA,II,2026-11-03,D,False,0.58,South,False,D,0.553,-8.0,R,True
senate-2026-ID,senate-2026,US_SENATE,ID,II,2026-11-03,R,False,-17.65,West,False,R,0.18,-8.0,R,True
senate-2026-IL,senate-2026,US_SENATE,IL,II,2026-11-03,D,False,7.83,Midwest,False,D,0.608,-8.0,R,True
senate-2026-IA,senate-2026,US_SENATE,IA,II,2026-11-03,R,False,-3.62,Midwest,False,R,0.469,-8.0,R,True
senate-2026-KS,senate-2026,US_SENATE,KS,II,2026-11-03,R,False,-7.8,Midwest,False,R,0.233,-8.0,R,True
senate-2026-KY,senate-2026,US_SENATE,KY,II,2026-11-03,R,False,-13.58,South,False,R,0.296,-8.0,R,True
senate-2026-LA,senate-2026,US_SENATE,LA,II,2026-11-03,R,False,-10.09,South,False,R,0.29,-8.0,R,True
senate-2026-ME,senate-2026,US_SENATE,ME,II,2026-11-03,R,False,2.71,Northeast,False,R,0.702,-8.0,R,True
senate-2026-MA,senate-2026,US_SENATE,MA,II,2026-11-03,D,False,13.73,Northeast,False,D,0.866,-8.0,R,True
senate-2026-MI,senate-2026,US_SENATE,MI,II,2026-11-03,,True,0.12,Midwest,False,D,0.516,-8.0,R,True
senate-2026-MN,senate-2026,US_SENATE,MN,II,2026-11-03,,True,1.26,Midwest,False,D,0.634,-8.0,R,True
senate-2026-MS,senate-2026,US_SENATE,MS,II,2026-11-03,R,False,-9.23,South,False,R,0.408,-8.0,R,True
senate-2026-MT,senate-2026,US_SENATE,MT,II,2026-11-03,R,False,-7.31,West,False,R,0.407,-8.0,R,True
senate-2026-NE,senate-2026,US_SENATE,NE,II,2026-11-03,R,False,-11.42,Midwest,False,R,0.242,-8.0,R,True
senate-2026-NH,senate-2026,US_SENATE,NH,II,2026-11-03,,True,1.51,Northeast,False,D,0.601,-8.0,R,True
senate-2026-NJ,senate-2026,US_SENATE,NJ,II,2026-11-03,D,False,5.66,Northeast,False,D,0.566,-8.0,R,True
senate-2026-NM,senate-2026,US_SENATE,NM,II,2026-11-03,D,False,3.74,West,False,D,0.693,-8.0,R,True
senate-2026-NC,senate-2026,US_SENATE,NC,II,2026-11-03,R,False,-0.62,South,False,R,0.545,-8.0,R,True
senate-2026-OK,senate-2026,US_SENATE,OK,II,2026-11-03,R,False,-14.75,South,False,R,0.161,-8.0,R,True
senate-2026-OR,senate-2026,US_SENATE,OR,II,2026-11-03,D,False,7.55,West,False,D,0.904,-8.0,R,True
senate-2026-RI,senate-2026,US_SENATE,RI,II,2026-11-03,D,False,11.19,Northeast,False,D,0.784,-8.0,R,True
senate-2026-SC,senate-2026,US_SENATE,SC,II,2026-11-03,R,False,-8.23,South,False,R,0.414,-8.0,R,True
senate-2026-SD,senate-2026,US_SENATE,SD,II,2026-11-03,R,False,-14.65,Midwest,False,R,0.226,-8.0,R,True
senate-2026-TN,senate-2026,US_SENATE,TN,II,2026-11-03,R,False,-12.33,South,False,R,0.286,-8.0,R,True
senate-2026-TX,senate-2026,US_SENATE,TX,II,2026-11-03,R,False,-3.37,South,False,R,0.386,-8.0,R,True
senate-2026-VA,senate-2026,US_SENATE,VA,II,2026-11-03,D,False,2.51,South,False,D,0.472,-8.0,R,True
senate-2026-WV,senate-2026,US_SENATE,WV,II,2026-11-03,R,False,-17.27,South,False,R,0.077,-8.0,R,True
senate-2026-WY,senate-2026,US_SENATE,WY,II,2026-11-03,R,False,-18.73,West,False,R,0.277,-8.0,R,True
senate-2026-OH,senate-2026,US_SENATE,OH,special,2026-11-03,R,False,-3.77,Midwest,False,R,0.443,-8.0,R,True
senate-2026-FL,senate-2026,US_SENATE,FL,special,2026-11-03,R,False,-3.17,South,False,R,0.448,-8.0,R,True
senate-2026-AL-held-0,senate-2026,US_SENATE,AL,held,2026-11-03,R,False,-28.0,South,True,R,0.05,-8.0,R,True
senate-2026-AK-held-1,senate-2026,US_SENATE,AK,held,2026-11-03,R,False,-15.0,West,True,R,0.167,-8.0,R,True
senate-2026-AR-held-2,senate-2026,US_SENATE,AR,held,2026-11-03,R,False,-27.0,South,True,R,0.276,-8.0,R,True
senate-2026-CO-held-3,senate-2026,US_SENATE,CO,held,2026-11-03,D,False,6.0,West,True,D,0.576,-8.0,R,True
senate-2026-DE-held-4,senate-2026,US_SENATE,DE,held,2026-11-03,D,False,12.0,Northeast,True,D,0.821,-8.0,R,True
senate-2026-GA-held-5,senate-2026,US_SENATE,GA,held,2026-11-03,D,False,0.0,South,True,D,0.536,-8.0,R,True
senate-2026-ID-held-6,senate-2026,US_SENATE,ID,held,2026-11-03,R,False,-32.0,West,True,R,0.053,-8.0,R,True
senate-2026-IL-held-7,senate-2026,US_SENATE,IL,held,2026-11-03,D,False,14.0,Midwest,True,D,0.71,-8.0,R,True
senate-2026-IA-held-8,senate-2026,US_SENATE,IA,held,2026-11-03,R,False,-6.0,Midwest,True,R,0.48,-8.0,R,True
senate-2026-KS-held-9,senate-2026,US_SENATE,KS,held,2026-11-03,R,False,-14.0,Midwest,True,R,0.223,-8.0,R,True
senate-2026-KY-held-10,senate-2026,US_SENATE,KY,held,2026-11-03,R,False,-24.0,South,True,R,0.241,-8.0,R,True
senate-2026-LA-held-11,senate-2026,US_SENATE,LA,held,2026-11-03,R,False,-18.0,South,True,R,0.125,-8.0,R,True
senate-2026-ME-held-12,senate-2026,US_SENATE,ME,held,2026-11-03,I,False,4.0,Northeast,True,I,0.587,-8.0,R,True
senate-2026-MA-held-13,senate-2026,US_SENATE,MA,held,2026-11-03,D,False,26.0,Northeast,True,D,0.934,-8.0,R,True
senate-2026-MI-held-14,senate-2026,US_SENATE,MI,held,2026-11-03,D,False,2.0,Midwest,True,D,0.571,-8.0,R,True
senate-2026-MN-held-15,senate-2026,US_SENATE,MN,held,2026-11-03,D,False,4.0,Midwest,True,D,0.484,-8.0,R,True
senate-2026-MS-held-16,senate-2026,US_SENATE,MS,held,2026-11-03,R,False,-18.0,South,True,R,0.129,-8.0,R,True
senate-2026-MT-held-17,senate-2026,US_SENATE,MT,held,2026-11-03,R,False,-12.0,West,True,R,0.253,-8.0,R,True
senate-2026-NE-held-18,senate-2026,US_SENATE,NE,held,2026-11-03,R,False,-20.0,Midwest,True,R,0.091,-8.0,R,True
senate-2026-NH-held-19,senate-2026,US_SENATE,NH,held,2026-11-03,D,False,2.0,Northeast,True,D,0.596,-8.0,R,True
senate-2026-NJ-held-20,senate-2026,US_SENATE,NJ,held,2026-11-03,D,False,10.0,Northeast,True,D,0.744,-8.0,R,True
senate-2026-NM-held-21,senate-2026,US_SENATE,NM,held,2026-11-03,D,False,8.0,West,True,D,0.504,-8.0,R,True
senate-2026-NC-held-22,senate-2026,US_SENATE,NC,held,2026-11-03,R,False,-2.0,South,True,R,0.314,-8.0,R,True
senate-2026-OK-held-23,senate-2026,US_SENATE,OK,held,2026-11-03,R,False,-30.0,South,True,R,0.05,-8.0,R,True
senate-2026-OR-held-24,senate-2026,US_SENATE,OR,held,2026-11-03,D,False,10.0,West,True,D,0.706,-8.0,R,True
senate-2026-RI-held-25,senate-2026,US_SENATE,RI,held,2026-11-03,D,False,18.0,Northeast,True,D,0.95,-8.0,R,True
senate-2026-SC-held-26,senate-2026,US_SENATE,SC,held,2026-11-03,R,False,-14.0,South,True,R,0.207,-8.0,R,True
senate-2026-SD-held-27,senate-2026,US_SENATE,SD,held,2026-11-03,R,False,-26.0,Midwest,True,R,0.123,-8.0,R,True
senate-2026-TN-held-28,senate-2026,US_SENATE,TN,held,2026-11-03,R,False,-22.0,South,True,R,0.053,-8.0,R,True
senate-2026-TX-held-29,senate-2026,US_SENATE,TX,held,2026-11-03,R,False,-8.0,South,True,R,0.255,-8.0,R,True
senate-2026-VA-held-30,senate-2026,US_SENATE,VA,held,2026-11-03,D,False,6.0,South,True,D,0.466,-8.0,R,True
senate-2026-WV-held-31,senate-2026,US_SENATE,WV,held,2026-11-03,R,False,-30.0,South,True,R,0.074,-8.0,R,True
senate-2026-WY-held-32,senate-2026,US_SENATE,WY,held,2026-11-03,R,False,-40.0,West,True,R,0.11,-8.0,R,True
senate-2026-OH-held-33,senate-2026,US_SENATE,OH,held,2026-11-03,R,False,-6.0,Midwest,True,R,0.349,-8.0,R,True
senate-2026-FL-held-34,senate-2026,US_SENATE,FL,held,2026-11-03,R,False,-4.0,South,True,R,0.529,-8.0,R,True
senate-2026-AZ-held-35,senate-2026,US_SENATE,AZ,held,2026-11-03,D,False,-2.0,West,True,D,0.474,-8.0,R,True
senate-2026-AZ-held-36,senate-2026,US_SENATE,AZ,held,2026-11-03,D,False,-2.0,West,True,D,0.456,-8.0,R,True
senate-2026-CA-held-37,senate-2026,US_SENATE,CA,held,2026-11-03,D,False,22.0,West,True,D,0.904,-8.0,R,True
senate-2026-CA-held-38,senate-2026,US_SENATE,CA,held,2026-11-03,D,False,22.0,West,True,D,0.901,-8.0,R,True
senate-2026-CT-held-39,senate-2026,US_SENATE,CT,held,2026-11-03,D,False,14.0,Northeast,True,D,0.854,-8.0,R,True
senate-2026-CT-held-40,senate-2026,US_SENATE,CT,held,2026-11-03,D,False,14.0,Northeast,True,D,0.698,-8.0,R,True
senate-2026-HI-held-41,senate-2026,US_SENATE,HI,held,2026-11-03,D,False,28.0,West,True,D,0.729,-8.0,R,True
senate-2026-HI-held-42,senate-2026,US_SENATE,HI,held,2026-11-03,D,False,28.0,West,True,D,0.921,-8.0,R,True
senate-2026-IN-held-43,senate-2026,US_SENATE,IN,held,2026-11-03,R,False,-16.0,Midwest,True,R,0.16,-8.0,R,True
senate-2026-IN-held-44,senate-2026,US_SENATE,IN,held,2026-11-03,R,False,-16.0,Midwest,True,R,0.206,-8.0,R,True
senate-2026-MD-held-45,senate-2026,US_SENATE,MD,held,2026-11-03,D,False,22.0,Northeast,True,D,0.95,-8.0,R,True
senate-2026-MD-held-46,senate-2026,US_SENATE,MD,held,2026-11-03,D,False,22.0,Northeast,True,D,0.774,-8.0,R,True
senate-2026-MO-held-47,senate-2026,US_SENATE,MO,held,2026-11-03,R,False,-14.0,Midwest,True,R,0.299,-8.0,R,True
senate-2026-MO-held-48,senate-2026,US_SENATE,MO,held,2026-11-03,R,False,-14.0,Midwest,True,R,0.313,-8.0,R,True
senate-2026-ND-held-49,senate-2026,US_SENATE,ND,held,2026-11-03,R,False,-28.0,Midwest,True,R,0.125,-8.0,R,True
senate-2026-ND-held-50,senate-2026,US_SENATE,ND,held,2026-11-03,R,False,-28.0,Midwest,True,R,0.178,-8.0,R,True
senate-2026-NV-held-51,senate-2026,US_SENATE,NV,held,2026-11-03,D,False,0.0,West,True,D,0.463,-8.0,R,True
senate-2026-NV-held-52,senate-2026,US_SENATE,NV,held,2026-11-03,D,False,0.0,West,True,D,0.445,-8.0,R,True
senate-2026-NY-held-53,senate-2026,US_SENATE,NY,held,2026-11-03,D,False,18.0,Northeast,True,D,0.901,-8.0,R,True
senate-2026-NY-held-54,senate-2026,US_SENATE,NY,held,2026-11-03,D,False,18.0,Northeast,True,D,0.875,-8.0,R,True
senate-2026-PA-held-55,senate-2026,US_SENATE,PA,held,2026-11-03,D,False,1.0,Northeast,True,D,0.632,-8.0,R,True
senate-2026-PA-held-56,senate-2026,US_SENATE,PA,held,2026-11-03,D,False,1.0,Northeast,True,D,0.538,-8.0,R,True
senate-2026-UT-held-57,senate-2026,US_SENATE,UT,held,2026-11-03,R,False,-24.0,West,True,R,0.249,-8.0,R,True
senate-2026-UT-held-58,senate-2026,US_SENATE,UT,held,2026-11-03,R,False,-24.0,West,True,R,0.097,-8.0,R,True
senate-2026-VT-held-59,senate-2026,US_SENATE,VT,held,2026-11-03,I,False,30.0,Northeast,True,I,0.839,-8.0,R,True
senate-2026-VT-held-60,senate-2026,US_SENATE,VT,held,2026-11-03,D,False,30.0,Northeast,True,D,0.761,-8.0,R,True
senate-2026-WA-held-61,senate-2026,US_SENATE,WA,held,2026-11-03,D,False,12.0,West,True,D,0.643,-8.0,R,True
senate-2026-WA-held-62,senate-2026,US_SENATE,WA,held,2026-11-03,D,False,12.0,West,True,D,0.797,-8.0,R,True
senate-2026-WI-held-63,senate-2026,US_SENATE,WI,held,2026-11-03,D,False,1.0,Midwest,True,D,0.404,-8.0,R,True
senate-2026-WI-held-64,senate-2026,US_SENATE,WI,held,2026-11-03,D,False,1.0,Midwest,True,D,0.485,-8.0,R,True
