result_id,election_id,office,state,race_id,event_time,available_at,certified_at,dem_votes,rep_votes,other_votes,two_party_margin,winner_party,source_url,raw_hash,retrieved_at,release_version
res-senate-2014-AL,senate-2014,US_SENATE,AL,senate-2014-AL,2014-11-04,2014-11-25,2014-11-25,770299.0,1104131.0,17873.0,-17.81,R,synthetic://fixtures/certified-results,248f6fbb641c4b41571815b8ae248d65c058b047f2e77dcd0495b597a3c30653,2026-09-13T19:41:02.043491+00:00,1
res-senate-2014-AK,senate-2014,US_SENATE,AK,senate-2014-AK,2014-11-04,2014-11-25,2014-11-25,644855.0,798972.0,1343.0,-10.674,R,synthetic://fixtures/certified-results,842d581378e51e146362803c3530a8ee3ab9a29b8b85383fbb436d6d54658014,2026-09-13T19:41:02.044490+00:00,1
res-senate-2014-AR,senate-2014,US_SENATE,AR,senate-2014-AR,2014-11-04,2014-11-25,2014-11-25,763627.0,1151391.0,18702.0,-20.249,R,synthetic://fixtures/certified-results,af7368365beba191e64c1d9835fe12ce01650aa1bba607a9ad167f59d4f25aa9,2026-09-13T19:41:02.045490+00:00,1
res-senate-2014-CO,senate-2014,US_SENATE,CO,senate-2014-CO,2014-11-04,2014-11-25,2014-11-25,552817.0,477015.0,12644.0,7.361,D,synthetic://fixtures/certified-results,7e78bf0230e85469faf470a3617d0858503a737f84a9ede3bec84e7f7c0cd25c,2026-09-13T19:41:02.046490+00:00,1
res-senate-2014-DE,senate-2014,US_SENATE,DE,senate-2014-DE,2014-11-04,2014-11-25,2014-11-25,619592.0,455274.0,10339.0,15.287,D,synthetic://fixtures/certified-results,b61524c4c48a5ba093a4efb7a99da6d1f72e354bc278c609957453ffb39d981f,2026-09-13T19:41:02.047494+00:00,1
res-senate-2014-GA,senate-2014,US_SENATE,GA,senate-2014-GA,2014-11-04,2014-11-25,2014-11-25,514903.0,472657.0,6489.0,4.278,D,synthetic://fixtures/certified-results,1d0be2fcce35fc0e874f9dba1e973060e1322ed6c10d691cc93fd123f05da3c8,2026-09-13T19:41:02.047494+00:00,1
res-senate-2014-ID,senate-2014,US_SENATE,ID,senate-2014-ID,2014-11-04,2014-11-25,2014-11-25,772424.0,1489516.0,16827.0,-31.703,R,synthetic://fixtures/certified-results,5d0fced3dd285f93b2a336895d87a0a3ad8a9dbefbd6c55253dce1b19926a7b3,2026-09-13T19:41:02.048497+00:00,1
res-senate-2014-IL,senate-2014,US_SENATE,IL,senate-2014-IL,2014-11-04,2014-11-25,2014-11-25,660969.0,451164.0,10434.0,18.865,D,synthetic://fixtures/certified-results,3045fa796ca0ba5dc518a2ebbc15653687c00c1021cb8dedee73f279f5c95a45,2026-09-13T19:41:02.048497+00:00,1
res-senate-2014-IA,senate-2014,US_SENATE,IA,senate-2014-IA,2014-11-04,2014-11-25,2014-11-25,589895.0,621406.0,19499.0,-2.601,R,synthetic://fixtures/certified-results,a98bfd43005eb6826e4d97b246f90c0986fb996fd743c4128bdcdc21644f83f0,2026-09-13T19:41:02.049493+00:00,1
res-senate-2014-KS,senate-2014,US_SENATE,KS,senate-2014-KS,2014-11-04,2014-11-25,2014-11-25,650182.0,815210.0,4588.0,-11.262,R,synthetic://fixtures/certified-results,9f1331d9361ba8d9386388e3d78af38afb7b49f4e9cedece241a4416e7403a54,2026-09-13T19:41:02.049493+00:00,1
res-senate-2014-KY,senate-2014,US_SENATE,KY,senate-2014-KY,2014-11-04,2014-11-25,2014-11-25,727405.0,1097600.0,2842.0,-20.285,R,synthetic://fixtures/certified-results,b2625f09dacbe2ceda80736af0e1ed26b5f69f4a7cf836d16225768a89aced77,2026-09-13T19:41:02.050495+00:00,1
res-senate-2014-LA,senate-2014,US_SENATE,LA,senate-2014-LA,2014-11-04,2014-11-25,2014-11-25,666292.0,922688.0,9688.0,-16.136,R,synthetic://fixtures/certified-results,9e91eb1719a7ebaa42edbfec84b43e30239e4dcc1a3bf7f81eac3b84aa559c13,2026-09-13T19:41:02.050495+00:00,1
res-senate-2014-ME,senate-2014,US_SENATE,ME,senate-2014-ME,2014-11-04,2014-11-25,2014-11-25,570470.0,558690.0,11444.0,1.043,D,synthetic://fixtures/certified-results,8dfb9cfa834541326a1547e6a6278fef57ef662dcad04eaff4ae0550cb0b85b1,2026-09-13T19:41:02.051493+00:00,1
res-senate-2014-MA,senate-2014,US_SENATE,MA,senate-2014-MA,2014-11-04,2014-11-25,2014-11-25,724372.0,430585.0,14020.0,25.437,D,synthetic://fixtures/certified-results,b25fe36d4da96c15f2b0a1c026e66ae4a897941e30a19962d66588cfba4c56cb,2026-09-13T19:41:02.051493+00:00,1
res-senate-2014-MI,senate-2014,US_SENATE,MI,senate-2014-MI,2014-11-04,2014-11-25,2014-11-25,518667.0,478862.0,1298.0,3.99,D,synthetic://fixtures/certified-results,4259241e6a8feee9185d81dcef71712ad03d3170715c8197d2522938e80ac1cd,2026-09-13T19:41:02.051493+00:00,1
res-senate-2014-MN,senate-2014,US_SENATE,MN,senate-2014-MN,2014-11-04,2014-11-25,2014-11-25,579520.0,534767.0,9932.0,4.016,D,synthetic://fixtures/certified-results,6d87f744665b7afdfb27d200524a315ba2e2caa946a20827974ec0278ad7339f,2026-09-13T19:41:02.052491+00:00,1
res-senate-2014-MS,senate-2014,US_SENATE,MS,senate-2014-MS,2014-11-04,2014-11-25,2014-11-25,679091.0,869278.0,9793.0,-12.283,R,synthetic://fixtures/certified-results,a613ec8628e3d09677a96ee857762e09cb4972085b6454567c66a88f19465a7a,2026-09-13T19:41:02.052491+00:00,1
res-senate-2014-MT,senate-2014,US_SENATE,MT,senate-2014-MT,2014-11-04,2014-11-25,2014-11-25,626030.0,732493.0,10208.0,-7.837,R,synthetic://fixtures/certified-results,9332c96ea6104603dc5276bd776de21d22161a008064bf0bea94f05e0ff0885d,2026-09-13T19:41:02.053492+00:00,1
res-senate-2014-NE,senate-2014,US_SENATE,NE,senate-2014-NE,2014-11-04,2014-11-25,2014-11-25,706474.0,977157.0,16976.0,-16.077,R,synthetic://fixtures/certified-results,00822d57970b57f2a62216d20aeeb77b1233c6f68e0e9a215efd4ffdf4aa76ce,2026-09-13T19:41:02.054495+00:00,1
res-senate-2014-NH,senate-2014,US_SENATE,NH,senate-2014-NH,2014-11-04,2014-11-25,2014-11-25,560022.0,465791.0,13688.0,9.186,D,synthetic://fixtures/certified-results,0c8a0fd256f6c7dad1743f505739077c2c1258ca5dca3dc30329ba4a9e04ba4a,2026-09-13T19:41:02.054495+00:00,1
res-senate-2014-NJ,senate-2014,US_SENATE,NJ,senate-2014-NJ,2014-11-04,2014-11-25,2014-11-25,582710.0,463274.0,5632.0,11.419,D,synthetic://fixtures/certified-results,fb987ccc448f8f781594fb226378dc77282eaf4bcd648ce1d4bae57b3f110967,2026-09-13T19:41:02.055492+00:00,1
res-senate-2014-NM,senate-2014,US_SENATE,NM,senate-2014-NM,2014-11-04,2014-11-25,2014-11-25,598716.0,500201.0,8896.0,8.965,D,synthetic://fixtures/certified-results,ab1fb93ce48004eef7e1b51829d1771d818f423af0e421eb1e89cf64b4d516d1,2026-09-13T19:41:02.055492+00:00,1
res-senate-2014-NC,senate-2014,US_SENATE,NC,senate-2014-NC,2014-11-04,2014-11-25,2014-11-25,543914.0,510392.0,19768.0,3.18,D,synthetic://fixtures/certified-results,ce1588ebbb706405f6d293aa465acc13fc92cb7a1ecb69f2a636e0cf3b9f4c35,2026-09-13T19:41:02.056490+00:00,1
res-senate-2014-OK,senate-2014,US_SENATE,OK,senate-2014-OK,2014-11-04,2014-11-25,2014-11-25,759862.0,1209798.0,11129.0,-22.843,R,synthetic://fixtures/certified-results,7229618feeb3e9557b591f3e659b571f7fddb97b1fadf92568b20fde0574b939,2026-09-13T19:41:02.057492+00:00,1
res-senate-2014-OR,senate-2014,US_SENATE,OR,senate-2014-OR,2014-11-04,2014-11-25,2014-11-25,582541.0,443393.0,14433.0,13.563,D,synthetic://fixtures/certified-results,92aad3438fd8a6cc15da2fc0820431fd4a95d0ca72b0500eef7597d274df0637,2026-09-13T19:41:02.057492+00:00,1
res-senate-2014-RI,senate-2014,US_SENATE,RI,senate-2014-RI,2014-11-04,2014-11-25,2014-11-25,682816.0,425857.0,15568.0,23.177,D,synthetic://fixtures/certified-results,d902e3c2fa9404f2663335ff27f9073793e43b0a9b6b76a5e26e0e7b039b64f4,2026-09-13T19:41:02.058490+00:00,1
res-senate-2014-SC,senate-2014,US_SENATE,SC,senate-2014-SC,2014-11-04,2014-11-25,2014-11-25,630408.0,789608.0,19289.0,-11.211,R,synthetic://fixtures/certified-results,66ba8c333687a4e0693098622ab29fb8ecdd25cfe708eee8630c012cc9a11443,2026-09-13T19:41:02.059492+00:00,1
res-senate-2014-SD,senate-2014,US_SENATE,SD,senate-2014-SD,2014-11-04,2014-11-25,2014-11-25,713148.0,1057213.0,8946.0,-19.435,R,synthetic://fixtures/certified-results,988dd9d4a6330214538b40cfd6ffa23f74deb867d3b74431e9545e55ec22855d,2026-09-13T19:41:02.060491+00:00,1
res-senate-2014-TN,senate-2014,US_SENATE,TN,senate-2014-TN,2014-11-04,2014-11-25,2014-11-25,685747.0,885972.0,3168.0,-12.739,R,synthetic://fixtures/certified-results,de8e2c8c30ace5dcced6292960a1e00a95cd8b4141e3c0d0727812f6738a8483,2026-09-13T19:41:02.061493+00:00,1
res-senate-2014-TX,senate-2014,US_SENATE,TX,senate-2014-TX,2014-11-04,2014-11-25,2014-11-25,597688.0,630894.0,13823.0,-2.703,R,synthetic://fixtures/certified-results,976689d8ecc8c507ea7e846db9228996cce0391edc6709d7acebd5a4cf5efbe1,2026-09-13T19:41:02.061493+00:00,1
res-senate-2014-VA,senate-2014,US_SENATE,VA,senate-2014-VA,2014-11-04,2014-11-25,2014-11-25,580273.0,463140.0,16765.0,11.226,D,synthetic://fixtures/certified-results,fef760fd02b3da41dd8c5d4fdad012be9c16f96693680a0eed4aa722a6fd005c,2026-09-13T19:41:02.062492+00:00,1
res-senate-2014-WV,senate-2014,US_SENATE,WV,senate-2014-WV,2014-11-04,2014-11-25,2014-11-25,771282.0,1197807.0,1854.0,-21.661,R,synthetic://fixtures/certified-results,d95c433bde9d0cea5ae878bc593a46fccec9141cb190d041eb92443f653c59ec,2026-09-13T19:41:02.063492+00:00,1
res-senate-2014-WY,senate-2014,US_SENATE,WY,senate-2014-WY,2014-11-04,2014-11-25,2014-11-25,828523.0,1802712.0,13863.0,-37.024,R,synthetic://fixtures/certified-results,492756c1fda2d7e284edfd65fba3f0e5642cefccfea7bade759ef83322e825e0,2026-09-13T19:41:02.064493+00:00,1
res-senate-2016-AK,senate-2016,US_SENATE,AK,senate-2016-AK,2016-11-08,2016-11-29,2016-11-29,656200.0,878121.0,14303.0,-14.464,R,synthetic://fixtures/certified-results,52565c25fd03a609fc727cb72e64be9ee1d32cd68de096e0b69b4273ce578057,2026-09-13T19:41:02.079493+00:00,1
res-senate-2016-KS,senate-2016,US_SENATE,KS,senate-2016-KS,2016-11-08,2016-11-29,2016-11-29,630165.0,893870.0,16431.0,-17.303,R,synthetic://fixtures/certified-results,7446057cb8674752d1a6343bc269f52f8a23dc691a4309f2f1c4940b10095b3d,2026-09-13T19:41:02.087491+00:00,1
senate-2016-AL-certified,senate-2016,US_SENATE,AL,senate-2016-AL,2016-11-01,2016-11-22,2016-11-22,748709.0,1335104.0,0.0,-28.140480935669373,R,MEDSL election-context-2018 (demsen16/repsen16 county aggregate),,2026-09-13T19:41:02.321490+00:00,1
senate-2016-AZ-certified,senate-2016,US_SENATE,AZ,senate-2016-AZ,2016-11-01,2016-11-22,2016-11-22,278.0,1216.0,0.0,-62.78447121820616,R,MEDSL election-context-2018 (demsen16/repsen16 county aggregate),,2026-09-13T19:41:02.321490+00:00,1
senate-2016-AR-certified,senate-2016,US_SENATE,AR,senate-2016-AR,2016-11-01,2016-11-22,2016-11-22,400602.0,661984.0,0.0,-24.598667778419816,R,MEDSL election-context-2018 (demsen16/repsen16 county aggregate),,2026-09-13T19:41:02.321490+00:00,1
senate-2016-CA-certified,senate-2016,US_SENATE,CA,senate-2016-CA,2016-11-01,2016-11-22,2016-11-22,12244170.0,0.0,0.0,100.0,D,MEDSL election-context-2018 (demsen16/repsen16 county aggregate),,2026-09-13T19:41:02.321490+00:00,1
senate-2016-CO-certified,senate-2016,US_SENATE,CO,senate-2016-CO,2016-11-01,2016-11-22,2016-11-22,1370710.0,1215318.0,0.0,6.008906322746699,D,MEDSL election-context-2018 (demsen16/repsen16 county aggregate),,2026-09-13T19:41:02.321490+00:00,1
senate-2016-CT-certified,senate-2016,US_SENATE,CT,senate-2016-CT,2016-11-01,2016-11-22,2016-11-22,1008714.0,552621.0,0.0,29.211732267578707,D,MEDSL election-context-2018 (demsen16/repsen16 county aggregate),,2026-09-13T19:41:02.321490+00:00,1
senate-2016-FL-certified,senate-2016,US_SENATE,FL,senate-2016-FL,2016-11-01,2016-11-22,2016-11-22,4122088.0,4835191.0,0.0,-7.961156507461697,R,MEDSL election-context-2018 (demsen16/repsen16 county aggregate),,2026-09-13T19:41:02.321490+00:00,1
senate-2016-GA-certified,senate-2016,US_SENATE,GA,senate-2016-GA,2016-11-01,2016-11-22,2016-11-22,1599726.0,2135806.0,0.0,-14.350834098061535,R,MEDSL election-context-2018 (demsen16/repsen16 county aggregate),,2026-09-13T19:41:02.321490+00:00,1
senate-2016-HI-certified,senate-2016,US_SENATE,HI,senate-2016-HI,2016-11-01,2016-11-22,2016-11-22,306604.0,92653.0,0.0,53.587288388181044,D,MEDSL election-context-2018 (demsen16/repsen16 county aggregate),,2026-09-13T19:41:02.321490+00:00,1
senate-2016-ID-certified,senate-2016,US_SENATE,ID,senate-2016-ID,2016-11-01,2016-11-22,2016-11-22,188249.0,449017.0,0.0,-40.91980428894684,R,MEDSL election-context-2018 (demsen16/repsen16 county aggregate),,2026-09-13T19:41:02.321490+00:00,1
senate-2016-IL-certified,senate-2016,US_SENATE,IL,senate-2016-IL,2016-11-01,2016-11-22,2016-11-22,3012940.0,2184692.0,0.0,15.93510275448512,D,MEDSL election-context-2018 (demsen16/repsen16 county aggregate),,2026-09-13T19:41:02.321490+00:00,1
senate-2016-IN-certified,senate-2016,US_SENATE,IN,senate-2016-IN,2016-11-01,2016-11-22,2016-11-22,1158947.0,1423991.0,0.0,-10.261338057669212,R,MEDSL election-context-2018 (demsen16/repsen16 county aggregate),,2026-09-13T19:41:02.321490+00:00,1
senate-2016-IA-certified,senate-2016,US_SENATE,IA,senate-2016-IA,2016-11-01,2016-11-22,2016-11-22,535368.0,877076.0,0.0,-24.192675957418487,R,MEDSL election-context-2018 (demsen16/repsen16 county aggregate),,2026-09-13T19:41:02.321490+00:00,1
senate-2016-KY-certified,senate-2016,US_SENATE,KY,senate-2016-KY,2016-11-01,2016-11-22,2016-11-22,813246.0,1090177.0,0.0,-14.549104429230917,R,MEDSL election-context-2018 (demsen16/repsen16 county aggregate),,2026-09-13T19:41:02.321490+00:00,1
senate-2016-LA-certified,senate-2016,US_SENATE,LA,senate-2016-LA,2016-11-01,2016-11-22,2016-11-22,695288.0,1185889.0,0.0,-26.079470459185924,R,MEDSL election-context-2018 (demsen16/repsen16 county aggregate),,2026-09-13T19:41:02.321490+00:00,1
senate-2016-MD-certified,senate-2016,US_SENATE,MD,senate-2016-MD,2016-11-01,2016-11-22,2016-11-22,1466171.0,943251.0,0.0,21.70313046033447,D,MEDSL election-context-2018 (demsen16/repsen16 county aggregate),,2026-09-13T19:41:02.321490+00:00,1
senate-2016-MO-certified,senate-2016,US_SENATE,MO,senate-2016-MO,2016-11-01,2016-11-22,2016-11-22,1093028.0,1334824.0,0.0,-9.95925616553233,R,MEDSL election-context-2018 (demsen16/repsen16 county aggregate),,2026-09-13T19:41:02.321490+00:00,1
senate-2016-NV-certified,senate-2016,US_SENATE,NV,senate-2016-NV,2016-11-01,2016-11-22,2016-11-22,512253.0,482052.0,0.0,3.037397981504669,D,MEDSL election-context-2018 (demsen16/repsen16 county aggregate),,2026-09-13T19:41:02.321490+00:00,1
senate-2016-NH-certified,senate-2016,US_SENATE,NH,senate-2016-NH,2016-11-01,2016-11-22,2016-11-22,354649.0,353632.0,0.0,0.14358707913949406,D,MEDSL election-context-2018 (demsen16/repsen16 county aggregate),,2026-09-13T19:41:02.321490+00:00,1
senate-2016-NY-certified,senate-2016,US_SENATE,NY,senate-2016-NY,2016-11-01,2016-11-22,2016-11-22,5212354.0,2005268.0,0.0,44.434108630238605,D,MEDSL election-context-2018 (demsen16/repsen16 county aggregate),,2026-09-13T19:41:02.321490+00:00,1
senate-2016-NC-certified,senate-2016,US_SENATE,NC,senate-2016-NC,2016-11-01,2016-11-22,2016-11-22,2128118.0,2395388.0,0.0,-5.908470111457794,R,MEDSL election-context-2018 (demsen16/repsen16 county aggregate),,2026-09-13T19:41:02.321490+00:00,1
senate-2016-ND-certified,senate-2016,US_SENATE,ND,senate-2016-ND,2016-11-01,2016-11-22,2016-11-22,58116.0,279344.0,0.0,-65.55680673264979,R,MEDSL election-context-2018 (demsen16/repsen16 county aggregate),,2026-09-13T19:41:02.321490+00:00,1
senate-2016-OH-certified,senate-2016,US_SENATE,OH,senate-2016-OH,2016-11-01,2016-11-22,2016-11-22,1996908.0,3118567.0,0.0,-21.926780992967416,R,MEDSL election-context-2018 (demsen16/repsen16 county aggregate),,2026-09-13T19:41:02.321490+00:00,1
senate-2016-OK-certified,senate-2016,US_SENATE,OK,senate-2016-OK,2016-11-01,2016-11-22,2016-11-22,355911.0,980892.0,0.0,-46.751914829634586,R,MEDSL election-context-2018 (demsen16/repsen16 county aggregate),,2026-09-13T19:41:02.321490+00:00,1
senate-2016-OR-certified,senate-2016,US_SENATE,OR,senate-2016-OR,2016-11-01,2016-11-22,2016-11-22,1105119.0,651106.0,0.0,25.85164201625646,D,MEDSL election-context-2018 (demsen16/repsen16 county aggregate),,2026-09-13T19:41:02.321490+00:00,1
senate-2016-PA-certified,senate-2016,US_SENATE,PA,senate-2016-PA,2016-11-01,2016-11-22,2016-11-22,2865012.0,2951702.0,0.0,-1.4903603649758266,R,MEDSL election-context-2018 (demsen16/repsen16 county aggregate),,2026-09-13T19:41:02.321490+00:00,1
senate-2016-SC-certified,senate-2016,US_SENATE,SC,senate-2016-SC,2016-11-01,2016-11-22,2016-11-22,757022.0,1241609.0,0.0,-24.245946350276764,R,MEDSL election-context-2018 (demsen16/repsen16 county aggregate),,2026-09-13T19:41:02.321490+00:00,1
senate-2016-SD-certified,senate-2016,US_SENATE,SD,senate-2016-SD,2016-11-01,2016-11-22,2016-11-22,104125.0,265494.0,0.0,-43.658199389100666,R,MEDSL election-context-2018 (demsen16/repsen16 county aggregate),,2026-09-13T19:41:02.321490+00:00,1
senate-2016-UT-certified,senate-2016,US_SENATE,UT,senate-2016-UT,2016-11-01,2016-11-22,2016-11-22,301860.0,760241.0,0.0,-43.15794825539191,R,MEDSL election-context-2018 (demsen16/repsen16 county aggregate),,2026-09-13T19:41:02.321490+00:00,1
senate-2016-VT-certified,senate-2016,US_SENATE,VT,senate-2016-VT,2016-11-01,2016-11-22,2016-11-22,192243.0,103637.0,0.0,29.946599972962012,D,MEDSL election-context-2018 (demsen16/repsen16 county aggregate),,2026-09-13T19:41:02.321490+00:00,1
senate-2016-WA-certified,senate-2016,US_SENATE,WA,senate-2016-WA,2016-11-01,2016-11-22,2016-11-22,1913979.0,1329338.0,0.0,18.02602089157489,D,MEDSL election-context-2018 (demsen16/repsen16 county aggregate),,2026-09-13T19:41:02.321490+00:00,1
senate-2016-WI-certified,senate-2016,US_SENATE,WI,senate-2016-WI,2016-11-01,2016-11-22,2016-11-22,1380335.0,1479479.0,0.0,-3.4667988897180027,R,MEDSL election-context-2018 (demsen16/repsen16 county aggregate),,2026-09-13T19:41:02.321490+00:00,1
senate-2018-AZ-certified,senate-2018,US_SENATE,AZ,senate-2018-AZ,2018-11-01,2018-11-22,2018-11-22,0.0,0.0,0.0,2.4,D,curated_certified_public_returns,,2026-09-13T19:41:02.321490+00:00,1
senate-2018-CA-certified,senate-2018,US_SENATE,CA,senate-2018-CA,2018-11-01,2018-11-22,2018-11-22,0.0,0.0,0.0,24.0,D,curated_certified_public_returns,,2026-09-13T19:41:02.321490+00:00,1
senate-2018-CT-certified,senate-2018,US_SENATE,CT,senate-2018-CT,2018-11-01,2018-11-22,2018-11-22,0.0,0.0,0.0,20.0,D,curated_certified_public_returns,,2026-09-13T19:41:02.321490+00:00,1
senate-2018-DE-certified,senate-2018,US_SENATE,DE,senate-2018-DE,2018-11-01,2018-11-22,2018-11-22,0.0,0.0,0.0,22.0,D,curated_certified_public_returns,,2026-09-13T19:41:02.321490+00:00,1
senate-2018-FL-certified,senate-2018,US_SENATE,FL,senate-2018-FL,2018-11-01,2018-11-22,2018-11-22,0.0,0.0,0.0,-0.2,R,curated_certified_public_returns,,2026-09-13T19:41:02.321490+00:00,1
senate-2018-HI-certified,senate-2018,US_SENATE,HI,senate-2018-HI,2018-11-01,2018-11-22,2018-11-22,0.0,0.0,0.0,42.0,D,curated_certified_public_returns,,2026-09-13T19:41:02.321490+00:00,1
senate-2018-IN-certified,senate-2018,US_SENATE,IN,senate-2018-IN,2018-11-01,2018-11-22,2018-11-22,0.0,0.0,0.0,-5.9,R,curated_certified_public_returns,,2026-09-13T19:41:02.321490+00:00,1
senate-2018-ME-certified,senate-2018,US_SENATE,ME,senate-2018-ME,2018-11-01,2018-11-22,2018-11-22,0.0,0.0,0.0,19.0,D,curated_certified_public_returns,,2026-09-13T19:41:02.321490+00:00,1
senate-2018-MD-certified,senate-2018,US_SENATE,MD,senate-2018-MD,2018-11-01,2018-11-22,2018-11-22,0.0,0.0,0.0,34.0,D,curated_certified_public_returns,,2026-09-13T19:41:02.321490+00:00,1
senate-2018-MA-certified,senate-2018,US_SENATE,MA,senate-2018-MA,2018-11-01,2018-11-22,2018-11-22,0.0,0.0,0.0,24.0,D,curated_certified_public_returns,,2026-09-13T19:41:02.321490+00:00,1
senate-2018-MI-certified,senate-2018,US_SENATE,MI,senate-2018-MI,2018-11-01,2018-11-22,2018-11-22,0.0,0.0,0.0,6.5,D,curated_certified_public_returns,,2026-09-13T19:41:02.321490+00:00,1
senate-2018-MN-certified,senate-2018,US_SENATE,MN,senate-2018-MN,2018-11-01,2018-11-22,2018-11-22,0.0,0.0,0.0,24.0,D,curated_certified_public_returns,,2026-09-13T19:41:02.321490+00:00,1
senate-2018-MS-certified,senate-2018,US_SENATE,MS,senate-2018-MS,2018-11-01,2018-11-22,2018-11-22,0.0,0.0,0.0,-7.5,R,curated_certified_public_returns,,2026-09-13T19:41:02.321490+00:00,1
senate-2018-MO-certified,senate-2018,US_SENATE,MO,senate-2018-MO,2018-11-01,2018-11-22,2018-11-22,0.0,0.0,0.0,-5.8,R,curated_certified_public_returns,,2026-09-13T19:41:02.321490+00:00,1
senate-2018-MT-certified,senate-2018,US_SENATE,MT,senate-2018-MT,2018-11-01,2018-11-22,2018-11-22,0.0,0.0,0.0,-3.5,R,curated_certified_public_returns,,2026-09-13T19:41:02.321490+00:00,1
senate-2018-NE-certified,senate-2018,US_SENATE,NE,senate-2018-NE,2018-11-01,2018-11-22,2018-11-22,0.0,0.0,0.0,-19.0,R,curated_certified_public_returns,,2026-09-13T19:41:02.321490+00:00,1
senate-2018-NV-certified,senate-2018,US_SENATE,NV,senate-2018-NV,2018-11-01,2018-11-22,2018-11-22,0.0,0.0,0.0,5.0,D,curated_certified_public_returns,,2026-09-13T19:41:02.321490+00:00,1
senate-2018-NJ-certified,senate-2018,US_SENATE,NJ,senate-2018-NJ,2018-11-01,2018-11-22,2018-11-22,0.0,0.0,0.0,11.2,D,curated_certified_public_returns,,2026-09-13T19:41:02.321490+00:00,1
senate-2018-NM-certified,senate-2018,US_SENATE,NM,senate-2018-NM,2018-11-01,2018-11-22,2018-11-22,0.0,0.0,0.0,15.0,D,curated_certified_public_returns,,2026-09-13T19:41:02.321490+00:00,1
senate-2018-NY-certified,senate-2018,US_SENATE,NY,senate-2018-NY,2018-11-01,2018-11-22,2018-11-22,0.0,0.0,0.0,34.0,D,curated_certified_public_returns,,2026-09-13T19:41:02.321490+00:00,1
senate-2018-ND-certified,senate-2018,US_SENATE,ND,senate-2018-ND,2018-11-01,2018-11-22,2018-11-22,0.0,0.0,0.0,-10.8,R,curated_certified_public_returns,,2026-09-13T19:41:02.321490+00:00,1
senate-2018-OH-certified,senate-2018,US_SENATE,OH,senate-2018-OH,2018-11-01,2018-11-22,2018-11-22,0.0,0.0,0.0,-6.9,R,curated_certified_public_returns,,2026-09-13T19:41:02.321490+00:00,1
senate-2018-PA-certified,senate-2018,US_SENATE,PA,senate-2018-PA,2018-11-01,2018-11-22,2018-11-22,0.0,0.0,0.0,12.8,D,curated_certified_public_returns,,2026-09-13T19:41:02.321490+00:00,1
senate-2018-RI-certified,senate-2018,US_SENATE,RI,senate-2018-RI,2018-11-01,2018-11-22,2018-11-22,0.0,0.0,0.0,30.0,D,curated_certified_public_returns,,2026-09-13T19:41:02.321490+00:00,1
senate-2018-TN-certified,senate-2018,US_SENATE,TN,senate-2018-TN,2018-11-01,2018-11-22,2018-11-22,0.0,0.0,0.0,-10.8,R,curated_certified_public_returns,,2026-09-13T19:41:02.321490+00:00,1
senate-2018-TX-certified,senate-2018,US_SENATE,TX,senate-2018-TX,2018-11-01,2018-11-22,2018-11-22,0.0,0.0,0.0,-2.6,R,curated_certified_public_returns,,2026-09-13T19:41:02.321490+00:00,1
senate-2018-UT-certified,senate-2018,US_SENATE,UT,senate-2018-UT,2018-11-01,2018-11-22,2018-11-22,0.0,0.0,0.0,-32.0,R,curated_certified_public_returns,,2026-09-13T19:41:02.321490+00:00,1
senate-2018-VT-certified,senate-2018,US_SENATE,VT,senate-2018-VT,2018-11-01,2018-11-22,2018-11-22,0.0,0.0,0.0,40.0,D,curated_certified_public_returns,,2026-09-13T19:41:02.321490+00:00,1
senate-2018-VA-certified,senate-2018,US_SENATE,VA,senate-2018-VA,2018-11-01,2018-11-22,2018-11-22,0.0,0.0,0.0,20.0,D,curated_certified_public_returns,,2026-09-13T19:41:02.321490+00:00,1
senate-2018-WA-certified,senate-2018,US_SENATE,WA,senate-2018-WA,2018-11-01,2018-11-22,2018-11-22,0.0,0.0,0.0,17.0,D,curated_certified_public_returns,,2026-09-13T19:41:02.321490+00:00,1
senate-2018-WV-certified,senate-2018,US_SENATE,WV,senate-2018-WV,2018-11-01,2018-11-22,2018-11-22,0.0,0.0,0.0,-7.9,R,curated_certified_public_returns,,2026-09-13T19:41:02.321490+00:00,1
senate-2018-WI-certified,senate-2018,US_SENATE,WI,senate-2018-WI,2018-11-01,2018-11-22,2018-11-22,0.0,0.0,0.0,10.8,D,curated_certified_public_returns,,2026-09-13T19:41:02.321490+00:00,1
senate-2018-WY-certified,senate-2018,US_SENATE,WY,senate-2018-WY,2018-11-01,2018-11-22,2018-11-22,0.0,0.0,0.0,-37.0,R,curated_certified_public_returns,,2026-09-13T19:41:02.321490+00:00,1
senate-2020-AL-certified,senate-2020,US_SENATE,AL,senate-2020-AL,2020-11-01,2020-11-22,2020-11-22,0.0,0.0,0.0,-20.4,R,curated_certified_public_returns,,2026-09-13T19:41:02.321490+00:00,1
senate-2020-AK-certified,senate-2020,US_SENATE,AK,senate-2020-AK,2020-11-01,2020-11-22,2020-11-22,0.0,0.0,0.0,-12.0,R,curated_certified_public_returns,,2026-09-13T19:41:02.321490+00:00,1
senate-2020-AR-certified,senate-2020,US_SENATE,AR,senate-2020-AR,2020-11-01,2020-11-22,2020-11-22,0.0,0.0,0.0,-33.0,R,curated_certified_public_returns,,2026-09-13T19:41:02.321490+00:00,1
senate-2020-CO-certified,senate-2020,US_SENATE,CO,senate-2020-CO,2020-11-01,2020-11-22,2020-11-22,0.0,0.0,0.0,9.3,D,curated_certified_public_returns,,2026-09-13T19:41:02.321490+00:00,1
senate-2020-DE-certified,senate-2020,US_SENATE,DE,senate-2020-DE,2020-11-01,2020-11-22,2020-11-22,0.0,0.0,0.0,21.0,D,curated_certified_public_returns,,2026-09-13T19:41:02.321490+00:00,1
senate-2020-GA-certified,senate-2020,US_SENATE,GA,senate-2020-GA,2020-11-01,2020-11-22,2020-11-22,0.0,0.0,0.0,1.2,D,curated_certified_public_returns,,2026-09-13T19:41:02.321490+00:00,1
senate-2020-ID-certified,senate-2020,US_SENATE,ID,senate-2020-ID,2020-11-01,2020-11-22,2020-11-22,0.0,0.0,0.0,-32.0,R,curated_certified_public_returns,,2026-09-13T19:41:02.321490+00:00,1
senate-2020-IL-certified,senate-2020,US_SENATE,IL,senate-2020-IL,2020-11-01,2020-11-22,2020-11-22,0.0,0.0,0.0,16.0,D,curated_certified_public_returns,,2026-09-13T19:41:02.321490+00:00,1
senate-2020-IA-certified,senate-2020,US_SENATE,IA,senate-2020-IA,2020-11-01,2020-11-22,2020-11-22,0.0,0.0,0.0,-6.6,R,curated_certified_public_returns,,2026-09-13T19:41:02.321490+00:00,1
senate-2020-KS-certified,senate-2020,US_SENATE,KS,senate-2020-KS,2020-11-01,2020-11-22,2020-11-22,0.0,0.0,0.0,-11.3,R,curated_certified_public_returns,,2026-09-13T19:41:02.321490+00:00,1
senate-2020-KY-certified,senate-2020,US_SENATE,KY,senate-2020-KY,2020-11-01,2020-11-22,2020-11-22,0.0,0.0,0.0,-19.5,R,curated_certified_public_returns,,2026-09-13T19:41:02.321490+00:00,1
senate-2020-LA-certified,senate-2020,US_SENATE,LA,senate-2020-LA,2020-11-01,2020-11-22,2020-11-22,0.0,0.0,0.0,-19.0,R,curated_certified_public_returns,,2026-09-13T19:41:02.321490+00:00,1
senate-2020-ME-certified,senate-2020,US_SENATE,ME,senate-2020-ME,2020-11-01,2020-11-22,2020-11-22,0.0,0.0,0.0,-8.6,R,curated_certified_public_returns,,2026-09-13T19:41:02.321490+00:00,1
senate-2020-MA-certified,senate-2020,US_SENATE,MA,senate-2020-MA,2020-11-01,2020-11-22,2020-11-22,0.0,0.0,0.0,33.0,D,curated_certified_public_returns,,2026-09-13T19:41:02.321490+00:00,1
senate-2020-MI-certified,senate-2020,US_SENATE,MI,senate-2020-MI,2020-11-01,2020-11-22,2020-11-22,0.0,0.0,0.0,1.7,D,curated_certified_public_returns,,2026-09-13T19:41:02.321490+00:00,1
senate-2020-MN-certified,senate-2020,US_SENATE,MN,senate-2020-MN,2020-11-01,2020-11-22,2020-11-22,0.0,0.0,0.0,5.2,D,curated_certified_public_returns,,2026-09-13T19:41:02.321490+00:00,1
senate-2020-MS-certified,senate-2020,US_SENATE,MS,senate-2020-MS,2020-11-01,2020-11-22,2020-11-22,0.0,0.0,0.0,-10.0,R,curated_certified_public_returns,,2026-09-13T19:41:02.321490+00:00,1
senate-2020-MT-certified,senate-2020,US_SENATE,MT,senate-2020-MT,2020-11-01,2020-11-22,2020-11-22,0.0,0.0,0.0,-10.0,R,curated_certified_public_returns,,2026-09-13T19:41:02.321490+00:00,1
senate-2020-NE-certified,senate-2020,US_SENATE,NE,senate-2020-NE,2020-11-01,2020-11-22,2020-11-22,0.0,0.0,0.0,-20.0,R,curated_certified_public_returns,,2026-09-13T19:41:02.321490+00:00,1
senate-2020-NH-certified,senate-2020,US_SENATE,NH,senate-2020-NH,2020-11-01,2020-11-22,2020-11-22,0.0,0.0,0.0,3.2,D,curated_certified_public_returns,,2026-09-13T19:41:02.321490+00:00,1
senate-2020-NJ-certified,senate-2020,US_SENATE,NJ,senate-2020-NJ,2020-11-01,2020-11-22,2020-11-22,0.0,0.0,0.0,16.0,D,curated_certified_public_returns,,2026-09-13T19:41:02.321490+00:00,1
senate-2020-NM-certified,senate-2020,US_SENATE,NM,senate-2020-NM,2020-11-01,2020-11-22,2020-11-22,0.0,0.0,0.0,6.1,D,curated_certified_public_returns,,2026-09-13T19:41:02.321490+00:00,1
senate-2020-NC-certified,senate-2020,US_SENATE,NC,senate-2020-NC,2020-11-01,2020-11-22,2020-11-22,0.0,0.0,0.0,-1.8,R,curated_certified_public_returns,,2026-09-13T19:41:02.321490+00:00,1
senate-2020-OK-certified,senate-2020,US_SENATE,OK,senate-2020-OK,2020-11-01,2020-11-22,2020-11-22,0.0,0.0,0.0,-30.0,R,curated_certified_public_returns,,2026-09-13T19:41:02.321490+00:00,1
senate-2020-OR-certified,senate-2020,US_SENATE,OR,senate-2020-OR,2020-11-01,2020-11-22,2020-11-22,0.0,0.0,0.0,18.0,D,curated_certified_public_returns,,2026-09-13T19:41:02.321490+00:00,1
senate-2020-RI-certified,senate-2020,US_SENATE,RI,senate-2020-RI,2020-11-01,2020-11-22,2020-11-22,0.0,0.0,0.0,33.0,D,curated_certified_public_returns,,2026-09-13T19:41:02.321490+00:00,1
senate-2020-SC-certified,senate-2020,US_SENATE,SC,senate-2020-SC,2020-11-01,2020-11-22,2020-11-22,0.0,0.0,0.0,-10.3,R,curated_certified_public_returns,,2026-09-13T19:41:02.321490+00:00,1
senate-2020-SD-certified,senate-2020,US_SENATE,SD,senate-2020-SD,2020-11-01,2020-11-22,2020-11-22,0.0,0.0,0.0,-32.0,R,curated_certified_public_returns,,2026-09-13T19:41:02.321490+00:00,1
senate-2020-TN-certified,senate-2020,US_SENATE,TN,senate-2020-TN,2020-11-01,2020-11-22,2020-11-22,0.0,0.0,0.0,-27.0,R,curated_certified_public_returns,,2026-09-13T19:41:02.321490+00:00,1
senate-2020-TX-certified,senate-2020,US_SENATE,TX,senate-2020-TX,2020-11-01,2020-11-22,2020-11-22,0.0,0.0,0.0,-3.9,R,curated_certified_public_returns,,2026-09-13T19:41:02.321490+00:00,1
senate-2020-VA-certified,senate-2020,US_SENATE,VA,senate-2020-VA,2020-11-01,2020-11-22,2020-11-22,0.0,0.0,0.0,5.9,D,curated_certified_public_returns,,2026-09-13T19:41:02.321490+00:00,1
senate-2020-WV-certified,senate-2020,US_SENATE,WV,senate-2020-WV,2020-11-01,2020-11-22,2020-11-22,0.0,0.0,0.0,-43.0,R,curated_certified_public_returns,,2026-09-13T19:41:02.321490+00:00,1
senate-2020-WY-certified,senate-2020,US_SENATE,WY,senate-2020-WY,2020-11-01,2020-11-22,2020-11-22,0.0,0.0,0.0,-43.0,R,curated_certified_public_returns,,2026-09-13T19:41:02.321490+00:00,1
senate-2022-AL-certified,senate-2022,US_SENATE,AL,senate-2022-AL,2022-11-01,2022-11-22,2022-11-22,0.0,0.0,0.0,-35.0,R,curated_certified_public_returns,,2026-09-13T19:41:02.321490+00:00,1
senate-2022-AK-certified,senate-2022,US_SENATE,AK,senate-2022-AK,2022-11-01,2022-11-22,2022-11-22,0.0,0.0,0.0,-10.0,R,curated_certified_public_returns,,2026-09-13T19:41:02.321490+00:00,1
senate-2022-AZ-certified,senate-2022,US_SENATE,AZ,senate-2022-AZ,2022-11-01,2022-11-22,2022-11-22,0.0,0.0,0.0,4.9,D,curated_certified_public_returns,,2026-09-13T19:41:02.321490+00:00,1
senate-2022-AR-certified,senate-2022,US_SENATE,AR,senate-2022-AR,2022-11-01,2022-11-22,2022-11-22,0.0,0.0,0.0,-35.0,R,curated_certified_public_returns,,2026-09-13T19:41:02.321490+00:00,1
senate-2022-CA-certified,senate-2022,US_SENATE,CA,senate-2022-CA,2022-11-01,2022-11-22,2022-11-22,0.0,0.0,0.0,22.0,D,curated_certified_public_returns,,2026-09-13T19:41:02.321490+00:00,1
senate-2022-CO-certified,senate-2022,US_SENATE,CO,senate-2022-CO,2022-11-01,2022-11-22,2022-11-22,0.0,0.0,0.0,14.0,D,curated_certified_public_returns,,2026-09-13T19:41:02.321490+00:00,1
senate-2022-CT-certified,senate-2022,US_SENATE,CT,senate-2022-CT,2022-11-01,2022-11-22,2022-11-22,0.0,0.0,0.0,14.0,D,curated_certified_public_returns,,2026-09-13T19:41:02.321490+00:00,1
senate-2022-FL-certified,senate-2022,US_SENATE,FL,senate-2022-FL,2022-11-01,2022-11-22,2022-11-22,0.0,0.0,0.0,-16.4,R,curated_certified_public_returns,,2026-09-13T19:41:02.321490+00:00,1
senate-2022-GA-certified,senate-2022,US_SENATE,GA,senate-2022-GA,2022-11-01,2022-11-22,2022-11-22,0.0,0.0,0.0,2.8,D,curated_certified_public_returns,,2026-09-13T19:41:02.321490+00:00,1
senate-2022-HI-certified,senate-2022,US_SENATE,HI,senate-2022-HI,2022-11-01,2022-11-22,2022-11-22,0.0,0.0,0.0,30.0,D,curated_certified_public_returns,,2026-09-13T19:41:02.321490+00:00,1
senate-2022-ID-certified,senate-2022,US_SENATE,ID,senate-2022-ID,2022-11-01,2022-11-22,2022-11-22,0.0,0.0,0.0,-36.0,R,curated_certified_public_returns,,2026-09-13T19:41:02.321490+00:00,1
senate-2022-IL-certified,senate-2022,US_SENATE,IL,senate-2022-IL,2022-11-01,2022-11-22,2022-11-22,0.0,0.0,0.0,13.0,D,curated_certified_public_returns,,2026-09-13T19:41:02.321490+00:00,1
senate-2022-IN-certified,senate-2022,US_SENATE,IN,senate-2022-IN,2022-11-01,2022-11-22,2022-11-22,0.0,0.0,0.0,-19.5,R,curated_certified_public_returns,,2026-09-13T19:41:02.321490+00:00,1
senate-2022-IA-certified,senate-2022,US_SENATE,IA,senate-2022-IA,2022-11-01,2022-11-22,2022-11-22,0.0,0.0,0.0,-12.1,R,curated_certified_public_returns,,2026-09-13T19:41:02.321490+00:00,1
senate-2022-KS-certified,senate-2022,US_SENATE,KS,senate-2022-KS,2022-11-01,2022-11-22,2022-11-22,0.0,0.0,0.0,-15.0,R,curated_certified_public_returns,,2026-09-13T19:41:02.321490+00:00,1
senate-2022-KY-certified,senate-2022,US_SENATE,KY,senate-2022-KY,2022-11-01,2022-11-22,2022-11-22,0.0,0.0,0.0,-24.0,R,curated_certified_public_returns,,2026-09-13T19:41:02.321490+00:00,1
senate-2022-LA-certified,senate-2022,US_SENATE,LA,senate-2022-LA,2022-11-01,2022-11-22,2022-11-22,0.0,0.0,0.0,-28.0,R,curated_certified_public_returns,,2026-09-13T19:41:02.321490+00:00,1
senate-2022-MD-certified,senate-2022,US_SENATE,MD,senate-2022-MD,2022-11-01,2022-11-22,2022-11-22,0.0,0.0,0.0,20.0,D,curated_certified_public_returns,,2026-09-13T19:41:02.321490+00:00,1
senate-2022-MO-certified,senate-2022,US_SENATE,MO,senate-2022-MO,2022-11-01,2022-11-22,2022-11-22,0.0,0.0,0.0,-13.0,R,curated_certified_public_returns,,2026-09-13T19:41:02.321490+00:00,1
senate-2022-NV-certified,senate-2022,US_SENATE,NV,senate-2022-NV,2022-11-01,2022-11-22,2022-11-22,0.0,0.0,0.0,0.9,D,curated_certified_public_returns,,2026-09-13T19:41:02.321490+00:00,1
senate-2022-NH-certified,senate-2022,US_SENATE,NH,senate-2022-NH,2022-11-01,2022-11-22,2022-11-22,0.0,0.0,0.0,9.0,D,curated_certified_public_returns,,2026-09-13T19:41:02.321490+00:00,1
senate-2022-NY-certified,senate-2022,US_SENATE,NY,senate-2022-NY,2022-11-01,2022-11-22,2022-11-22,0.0,0.0,0.0,13.0,D,curated_certified_public_returns,,2026-09-13T19:41:02.321490+00:00,1
senate-2022-NC-certified,senate-2022,US_SENATE,NC,senate-2022-NC,2022-11-01,2022-11-22,2022-11-22,0.0,0.0,0.0,-3.2,R,curated_certified_public_returns,,2026-09-13T19:41:02.321490+00:00,1
senate-2022-ND-certified,senate-2022,US_SENATE,ND,senate-2022-ND,2022-11-01,2022-11-22,2022-11-22,0.0,0.0,0.0,-35.0,R,curated_certified_public_returns,,2026-09-13T19:41:02.321490+00:00,1
senate-2022-OH-certified,senate-2022,US_SENATE,OH,senate-2022-OH,2022-11-01,2022-11-22,2022-11-22,0.0,0.0,0.0,-6.1,R,curated_certified_public_returns,,2026-09-13T19:41:02.321490+00:00,1
senate-2022-OK-certified,senate-2022,US_SENATE,OK,senate-2022-OK,2022-11-01,2022-11-22,2022-11-22,0.0,0.0,0.0,-32.0,R,curated_certified_public_returns,,2026-09-13T19:41:02.321490+00:00,1
senate-2022-OR-certified,senate-2022,US_SENATE,OR,senate-2022-OR,2022-11-01,2022-11-22,2022-11-22,0.0,0.0,0.0,14.0,D,curated_certified_public_returns,,2026-09-13T19:41:02.321490+00:00,1
senate-2022-PA-certified,senate-2022,US_SENATE,PA,senate-2022-PA,2022-11-01,2022-11-22,2022-11-22,0.0,0.0,0.0,4.9,D,curated_certified_public_returns,,2026-09-13T19:41:02.321490+00:00,1
senate-2022-SC-certified,senate-2022,US_SENATE,SC,senate-2022-SC,2022-11-01,2022-11-22,2022-11-22,0.0,0.0,0.0,-19.0,R,curated_certified_public_returns,,2026-09-13T19:41:02.321490+00:00,1
senate-2022-SD-certified,senate-2022,US_SENATE,SD,senate-2022-SD,2022-11-01,2022-11-22,2022-11-22,0.0,0.0,0.0,-40.0,R,curated_certified_public_returns,,2026-09-13T19:41:02.321490+00:00,1
senate-2022-UT-certified,senate-2022,US_SENATE,UT,senate-2022-UT,2022-11-01,2022-11-22,2022-11-22,0.0,0.0,0.0,-14.0,R,curated_certified_public_returns,,2026-09-13T19:41:02.321490+00:00,1
senate-2022-VT-certified,senate-2022,US_SENATE,VT,senate-2022-VT,2022-11-01,2022-11-22,2022-11-22,0.0,0.0,0.0,40.0,D,curated_certified_public_returns,,2026-09-13T19:41:02.321490+00:00,1
senate-2022-WA-certified,senate-2022,US_SENATE,WA,senate-2022-WA,2022-11-01,2022-11-22,2022-11-22,0.0,0.0,0.0,14.0,D,curated_certified_public_returns,,2026-09-13T19:41:02.321490+00:00,1
senate-2022-WI-certified,senate-2022,US_SENATE,WI,senate-2022-WI,2022-11-01,2022-11-22,2022-11-22,0.0,0.0,0.0,-1.0,R,curated_certified_public_returns,,2026-09-13T19:41:02.321490+00:00,1
senate-2022-OK-special-certified,senate-2022,US_SENATE,OK,senate-2022-OK-special,2022-11-01,2022-11-22,2022-11-22,0.0,0.0,0.0,-26.5,R,curated_certified_public_returns,,2026-09-13T19:41:02.321490+00:00,1
senate-2024-AZ-certified,senate-2024,US_SENATE,AZ,senate-2024-AZ,2024-11-01,2024-11-22,2024-11-22,0.0,0.0,0.0,-5.3,R,curated_certified_public_returns,,2026-09-13T19:41:02.321490+00:00,1
senate-2024-CA-certified,senate-2024,US_SENATE,CA,senate-2024-CA,2024-11-01,2024-11-22,2024-11-22,0.0,0.0,0.0,16.0,D,curated_certified_public_returns,,2026-09-13T19:41:02.321490+00:00,1
senate-2024-CT-certified,senate-2024,US_SENATE,CT,senate-2024-CT,2024-11-01,2024-11-22,2024-11-22,0.0,0.0,0.0,14.0,D,curated_certified_public_returns,,2026-09-13T19:41:02.321490+00:00,1
senate-2024-DE-certified,senate-2024,US_SENATE,DE,senate-2024-DE,2024-11-01,2024-11-22,2024-11-22,0.0,0.0,0.0,17.0,D,curated_certified_public_returns,,2026-09-13T19:41:02.321490+00:00,1
senate-2024-FL-certified,senate-2024,US_SENATE,FL,senate-2024-FL,2024-11-01,2024-11-22,2024-11-22,0.0,0.0,0.0,-13.0,R,curated_certified_public_returns,,2026-09-13T19:41:02.321490+00:00,1
senate-2024-HI-certified,senate-2024,US_SENATE,HI,senate-2024-HI,2024-11-01,2024-11-22,2024-11-22,0.0,0.0,0.0,30.0,D,curated_certified_public_returns,,2026-09-13T19:41:02.321490+00:00,1
senate-2024-IN-certified,senate-2024,US_SENATE,IN,senate-2024-IN,2024-11-01,2024-11-22,2024-11-22,0.0,0.0,0.0,-19.0,R,curated_certified_public_returns,,2026-09-13T19:41:02.321490+00:00,1
senate-2024-ME-certified,senate-2024,US_SENATE,ME,senate-2024-ME,2024-11-01,2024-11-22,2024-11-22,0.0,0.0,0.0,8.0,D,curated_certified_public_returns,,2026-09-13T19:41:02.321490+00:00,1
senate-2024-MD-certified,senate-2024,US_SENATE,MD,senate-2024-MD,2024-11-01,2024-11-22,2024-11-22,0.0,0.0,0.0,14.0,D,curated_certified_public_returns,,2026-09-13T19:41:02.321490+00:00,1
senate-2024-MA-certified,senate-2024,US_SENATE,MA,senate-2024-MA,2024-11-01,2024-11-22,2024-11-22,0.0,0.0,0.0,18.0,D,curated_certified_public_returns,,2026-09-13T19:41:02.321490+00:00,1
senate-2024-MI-certified,senate-2024,US_SENATE,MI,senate-2024-MI,2024-11-01,2024-11-22,2024-11-22,0.0,0.0,0.0,-0.4,R,curated_certified_public_returns,,2026-09-13T19:41:02.321490+00:00,1
senate-2024-MN-certified,senate-2024,US_SENATE,MN,senate-2024-MN,2024-11-01,2024-11-22,2024-11-22,0.0,0.0,0.0,5.0,D,curated_certified_public_returns,,2026-09-13T19:41:02.321490+00:00,1
senate-2024-MS-certified,senate-2024,US_SENATE,MS,senate-2024-MS,2024-11-01,2024-11-22,2024-11-22,0.0,0.0,0.0,-20.0,R,curated_certified_public_returns,,2026-09-13T19:41:02.321490+00:00,1
senate-2024-MO-certified,senate-2024,US_SENATE,MO,senate-2024-MO,2024-11-01,2024-11-22,2024-11-22,0.0,0.0,0.0,-13.0,R,curated_certified_public_returns,,2026-09-13T19:41:02.321490+00:00,1
senate-2024-MT-certified,senate-2024,US_SENATE,MT,senate-2024-MT,2024-11-01,2024-11-22,2024-11-22,0.0,0.0,0.0,-7.0,R,curated_certified_public_returns,,2026-09-13T19:41:02.321490+00:00,1
senate-2024-NE-certified,senate-2024,US_SENATE,NE,senate-2024-NE,2024-11-01,2024-11-22,2024-11-22,0.0,0.0,0.0,-6.0,R,curated_certified_public_returns,,2026-09-13T19:41:02.321490+00:00,1
senate-2024-NV-certified,senate-2024,US_SENATE,NV,senate-2024-NV,2024-11-01,2024-11-22,2024-11-22,0.0,0.0,0.0,-1.0,R,curated_certified_public_returns,,2026-09-13T19:41:02.321490+00:00,1
senate-2024-NJ-certified,senate-2024,US_SENATE,NJ,senate-2024-NJ,2024-11-01,2024-11-22,2024-11-22,0.0,0.0,0.0,7.0,D,curated_certified_public_returns,,2026-09-13T19:41:02.321490+00:00,1
senate-2024-NM-certified,senate-2024,US_SENATE,NM,senate-2024-NM,2024-11-01,2024-11-22,2024-11-22,0.0,0.0,0.0,7.0,D,curated_certified_public_returns,,2026-09-13T19:41:02.321490+00:00,1
senate-2024-NY-certified,senate-2024,US_SENATE,NY,senate-2024-NY,2024-11-01,2024-11-22,2024-11-22,0.0,0.0,0.0,8.0,D,curated_certified_public_returns,,2026-09-13T19:41:02.321490+00:00,1
senate-2024-ND-certified,senate-2024,US_SENATE,ND,senate-2024-ND,2024-11-01,2024-11-22,2024-11-22,0.0,0.0,0.0,-35.0,R,curated_certified_public_returns,,2026-09-13T19:41:02.321490+00:00,1
senate-2024-OH-certified,senate-2024,US_SENATE,OH,senate-2024-OH,2024-11-01,2024-11-22,2024-11-22,0.0,0.0,0.0,-3.6,R,curated_certified_public_returns,,2026-09-13T19:41:02.321490+00:00,1
senate-2024-PA-certified,senate-2024,US_SENATE,PA,senate-2024-PA,2024-11-01,2024-11-22,2024-11-22,0.0,0.0,0.0,-0.2,R,curated_certified_public_returns,,2026-09-13T19:41:02.321490+00:00,1
senate-2024-RI-certified,senate-2024,US_SENATE,RI,senate-2024-RI,2024-11-01,2024-11-22,2024-11-22,0.0,0.0,0.0,17.0,D,curated_certified_public_returns,,2026-09-13T19:41:02.321490+00:00,1
senate-2024-TN-certified,senate-2024,US_SENATE,TN,senate-2024-TN,2024-11-01,2024-11-22,2024-11-22,0.0,0.0,0.0,-24.0,R,curated_certified_public_returns,,2026-09-13T19:41:02.321490+00:00,1
senate-2024-TX-certified,senate-2024,US_SENATE,TX,senate-2024-TX,2024-11-01,2024-11-22,2024-11-22,0.0,0.0,0.0,-8.0,R,curated_certified_public_returns,,2026-09-13T19:41:02.321490+00:00,1
senate-2024-UT-certified,senate-2024,US_SENATE,UT,senate-2024-UT,2024-11-01,2024-11-22,2024-11-22,0.0,0.0,0.0,-18.0,R,curated_certified_public_returns,,2026-09-13T19:41:02.321490+00:00,1
senate-2024-VT-certified,senate-2024,US_SENATE,VT,senate-2024-VT,2024-11-01,2024-11-22,2024-11-22,0.0,0.0,0.0,30.0,D,curated_certified_public_returns,,2026-09-13T19:41:02.321490+00:00,1
senate-2024-VA-certified,senate-2024,US_SENATE,VA,senate-2024-VA,2024-11-01,2024-11-22,2024-11-22,0.0,0.0,0.0,5.0,D,curated_certified_public_returns,,2026-09-13T19:41:02.321490+00:00,1
senate-2024-WA-certified,senate-2024,US_SENATE,WA,senate-2024-WA,2024-11-01,2024-11-22,2024-11-22,0.0,0.0,0.0,14.0,D,curated_certified_public_returns,,2026-09-13T19:41:02.321490+00:00,1
senate-2024-WV-certified,senate-2024,US_SENATE,WV,senate-2024-WV,2024-11-01,2024-11-22,2024-11-22,0.0,0.0,0.0,-40.0,R,curated_certified_public_returns,,2026-09-13T19:41:02.321490+00:00,1
senate-2024-WI-certified,senate-2024,US_SENATE,WI,senate-2024-WI,2024-11-01,2024-11-22,2024-11-22,0.0,0.0,0.0,-1.0,R,curated_certified_public_returns,,2026-09-13T19:41:02.321490+00:00,1
senate-2024-WY-certified,senate-2024,US_SENATE,WY,senate-2024-WY,2024-11-01,2024-11-22,2024-11-22,0.0,0.0,0.0,-40.0,R,curated_certified_public_returns,,2026-09-13T19:41:02.321490+00:00,1
